date,sales_volume_bags,coffee_arabica_price
2023-01-01,10.241187294480621,2.457908761332849
2023-01-01,87.61471986579895,2.457908761332849
2023-01-02,18.308331689811048,1.6444692318682979
2023-01-02,2.742724424238003,1.6444692318682979
2023-01-02,35.77295423015086,1.6444692318682979
2023-01-02,7.172556250685258,1.6444692318682979
2023-01-03,96.9366368924713,2.8970975794179816
2023-01-03,92.08181785374853,2.8970975794179816
2023-01-03,99.7667867066936,2.8970975794179816
2023-01-04,14.730627594450464,1.5643472375957252
2023-01-04,32.62498052728925,1.5643472375957252
2023-01-04,56.32491755871316,1.5643472375957252
2023-01-05,50.30044212111443,1.8903306328384462
2023-01-05,74.67428456802124,1.8903306328384462
2023-01-06,50.56093140208136,2.5721275324397075
2023-01-06,20.100362037874422,2.5721275324397075
2023-01-06,83.78180868779785,2.5721275324397075
2023-01-06,6.964750206384882,2.5721275324397075
2023-01-07,1.5202334033079654,1.3769192410192301
2023-01-07,59.26562754837503,1.3769192410192301
2023-01-07,77.11517827063113,1.3769192410192301
2023-01-07,48.96811376203114,1.3769192410192301
2023-01-08,64.05624676913945,2.4981204855967576
2023-01-09,42.25291479637586,2.9856781698265826
2023-01-09,13.132782468643754,2.9856781698265826
2023-01-09,38.056619656751614,2.9856781698265826
2023-01-09,55.7999933431217,2.9856781698265826
2023-01-10,44.219646399669585,1.8819836911197858
2023-01-10,11.855925769817425,1.8819836911197858
2023-01-10,83.5793229994135,1.8819836911197858
2023-01-11,67.19249353115642,2.1063274143451283
2023-01-11,29.951108440622455,2.1063274143451283
2023-01-12,74.81003939585146,1.5389098247447657
2023-01-13,63.217422771730114,2.6452511304356623
2023-01-13,76.91207198850796,2.6452511304356623
2023-01-14,31.91151483994927,2.7273627380534853
2023-01-14,57.101259803851605,2.7273627380534853
2023-01-14,9.662436641342403,2.7273627380534853
2023-01-14,45.434958623210846,2.7273627380534853
2023-01-15,52.509826910488336,2.0510543823436276
2023-01-15,43.85400651065773,2.0510543823436276
2023-01-15,34.32457967380009,2.0510543823436276
2023-01-15,21.485053766617064,2.0510543823436276
2023-01-16,96.04291476569817,3.309299398589246
2023-01-16,83.58660284855796,3.309299398589246
2023-01-17,70.20550786831954,1.8207391863913887
2023-01-18,46.28343502049353,2.478309173021856
2023-01-18,54.172291181721626,2.478309173021856
2023-01-19,25.240043313463932,1.480626153571251
2023-01-19,38.455960331548816,1.480626153571251
2023-01-20,87.35774147412606,2.117382801483639
2023-01-20,33.217882992229164,2.117382801483639
2023-01-21,82.7514614874926,2.1002142913097983
2023-01-21,11.506016354676168,2.1002142913097983
2023-01-22,66.77105464152605,2.869603641596102
2023-01-22,30.927411558771603,2.869603641596102
2023-01-22,26.533974892393292,2.869603641596102
2023-01-22,4.424944867252259,2.869603641596102
2023-01-23,67.29493858484953,2.075861638313127
2023-01-23,61.18357708248094,2.075861638313127
2023-01-23,67.50490572786246,2.075861638313127
2023-01-23,44.7928246586455,2.075861638313127
2023-01-24,55.11864389326258,1.8873807276175127
2023-01-25,57.2932694793888,3.019920598157343
2023-01-26,13.561167419098366,2.6380354038544587
2023-01-27,70.02044489732815,2.6907224532077842
2023-01-27,20.98602334802696,2.6907224532077842
2023-01-27,19.65610363418558,2.6907224532077842
2023-01-28,49.83492855893564,3.1796362258416115
2023-01-28,2.9446740740481587,3.1796362258416115
2023-01-29,95.36600085947858,2.831440566354812
2023-01-29,44.710559096141125,2.831440566354812
2023-01-29,65.58957506726065,2.831440566354812
2023-01-29,87.3277898012862,2.831440566354812
2023-01-30,91.57229950239733,1.4284644180473047
2023-01-30,4.351700051140571,1.4284644180473047
2023-01-30,10.878560115655409,1.4284644180473047
2023-01-30,71.05497646695704,1.4284644180473047
2023-01-31,57.231555800297585,2.0204223013581437
2023-02-01,95.0574787616461,2.3591757091402945
2023-02-02,73.8110785139858,1.6624142402192896
2023-02-03,21.993471472467746,1.6871472560281546
2023-02-04,67.17600583296061,2.3746501220259786
2023-02-05,30.291380120397704,2.4301475547666094
2023-02-05,36.4869013316448,2.4301475547666094
2023-02-05,45.33321130704759,2.4301475547666094
2023-02-06,91.78031373905374,1.6851442293527599
2023-02-07,46.80933229611607,1.7003648937073248
2023-02-07,57.981665411461954,1.7003648937073248
2023-02-08,41.976696743144174,2.6598769121725803
2023-02-08,19.13203878044142,2.6598769121725803
2023-02-08,59.08660355115589,2.6598769121725803
2023-02-09,40.74321825112497,1.8207359589364844
2023-02-10,71.37076171691407,2.33471102086316
2023-02-10,48.192117176009695,2.33471102086316
2023-02-11,27.849992332057464,2.6009743963288168
2023-02-11,22.09424567635288,2.6009743963288168
2023-02-11,16.316781466838357,2.6009743963288168
2023-02-11,35.65013441832818,2.6009743963288168
2023-02-12,26.304337937757744,3.0194261255500514
2023-02-13,51.297003013707425,1.3917194477146277
2023-02-13,44.68520212078157,1.3917194477146277
2023-02-13,86.92165915030152,1.3917194477146277
2023-02-13,25.85074888774594,1.3917194477146277
2023-02-14,80.32374462492999,1.5071439517137202
2023-02-14,6.1347754748786665,1.5071439517137202
2023-02-14,85.1442236140197,1.5071439517137202
2023-02-15,14.344156957108485,1.765811694272791
2023-02-15,2.503468528424755,1.765811694272791
2023-02-15,23.653204524294143,1.765811694272791
2023-02-15,54.422269963664526,1.765811694272791
2023-02-16,85.2549633222842,1.645022841815563
2023-02-16,41.226377120842244,1.645022841815563
2023-02-16,81.67729751610929,1.645022841815563
2023-02-16,94.4235209475655,1.645022841815563
2023-02-17,73.7036976297775,2.8004204075051886
2023-02-17,23.680199728664494,2.8004204075051886
2023-02-17,25.298845926552207,2.8004204075051886
2023-02-17,10.34871264268453,2.8004204075051886
2023-02-18,58.92619480438448,1.8538176757799318
2023-02-18,56.77754869203923,1.8538176757799318
2023-02-19,23.18243727691975,3.269634203736329
2023-02-19,7.7386514802803195,3.269634203736329
2023-02-20,22.313180510720738,2.149289713698856
2023-02-20,69.97328582948661,2.149289713698856
2023-02-20,90.24269831573905,2.149289713698856
2023-02-20,90.18406784342078,2.149289713698856
2023-02-21,17.128157059129954,2.47209222939372
2023-02-21,95.20879907182946,2.47209222939372
2023-02-21,71.46460959246163,2.47209222939372
2023-02-22,10.03235654172193,2.0387200676411665
2023-02-22,66.72212095054893,2.0387200676411665
2023-02-22,23.985736890045548,2.0387200676411665
2023-02-23,64.60722670148891,2.0420572863714623
2023-02-23,3.092221024490514,2.0420572863714623
2023-02-23,4.572489064129708,2.0420572863714623
2023-02-23,55.19257875712732,2.0420572863714623
2023-02-24,65.55815744388994,1.4562788208378672
2023-02-25,80.49494105183577,3.271119506345701
2023-02-25,77.05566855092498,3.271119506345701
2023-02-25,2.680898224772299,3.271119506345701
2023-02-25,15.904370200489161,3.271119506345701
2023-02-26,99.19625120482735,1.9773296228727977
2023-02-26,29.069592724736047,1.9773296228727977
2023-02-26,69.76808499750963,1.9773296228727977
2023-02-27,24.66957066257752,3.0790835309846694
2023-02-27,46.21100290297617,3.0790835309846694
2023-02-28,97.26696101361277,2.5783085366738545
2023-03-01,62.65093167672322,2.7365072203133662
2023-03-02,41.533906379085934,2.5238511428201775
2023-03-02,27.025317998826036,2.5238511428201775
2023-03-02,87.90696656971971,2.5238511428201775
2023-03-02,56.02503047622612,2.5238511428201775
2023-03-03,95.35110655559542,2.1523568112868094
2023-03-03,62.4778323672632,2.1523568112868094
2023-03-03,31.83386700483017,2.1523568112868094
2023-03-03,8.201074684870804,2.1523568112868094
2023-03-04,65.12089691884113,2.0959341288038575
2023-03-04,49.45242613051308,2.0959341288038575
2023-03-05,45.98641383607595,2.350246532955353
2023-03-05,7.855778230338986,2.350246532955353
2023-03-05,16.994881254411567,2.350246532955353
2023-03-05,1.5331475386213516,2.350246532955353
2023-03-06,35.901159883795614,1.8693274952667487
2023-03-06,97.63916797636449,1.8693274952667487
2023-03-07,96.92783567320717,2.6413234863202275
2023-03-08,12.962779128099491,2.4815449235852967
2023-03-08,61.52800504326818,2.4815449235852967
2023-03-08,66.98784671231145,2.4815449235852967
2023-03-09,38.346326634031556,3.1249674334445774
2023-03-09,23.42019102353387,3.1249674334445774
2023-03-10,30.650545020171247,2.2933488166562257
2023-03-10,1.7554924847427429,2.2933488166562257
2023-03-10,25.09782642411642,2.2933488166562257
2023-03-11,80.04593811847498,2.7328059350998277
2023-03-11,47.20318301714299,2.7328059350998277
2023-03-11,77.85293937094674,2.7328059350998277
2023-03-11,59.35345204394781,2.7328059350998277
2023-03-12,2.809678111626182,2.1398552259749435
2023-03-12,38.5869715002311,2.1398552259749435
2023-03-12,85.26963386044861,2.1398552259749435
2023-03-13,93.81438782924582,2.6336823335372284
2023-03-13,67.10976321648361,2.6336823335372284
2023-03-14,78.07294697018911,1.6510813136170037
2023-03-14,36.830049401826564,1.6510813136170037
2023-03-15,90.31597651023095,1.9536390756900552
2023-03-15,62.951468495347186,1.9536390756900552
2023-03-15,56.59101312419433,1.9536390756900552
2023-03-15,47.03854572799106,1.9536390756900552
2023-03-16,26.698926870055,1.4523275138810694
2023-03-16,18.111371982229397,1.4523275138810694
2023-03-16,55.38851451254641,1.4523275138810694
2023-03-17,83.32544895451741,2.318212612095181
2023-03-17,53.81525057681597,2.318212612095181
2023-03-18,53.2243221841951,2.084203302773807
2023-03-19,98.92326101830395,2.3753672443419456
2023-03-20,71.1919660540115,3.1124780049095575
2023-03-21,94.01378544808888,1.813579540559529
2023-03-21,59.91899901790587,1.813579540559529
2023-03-22,59.3388734652358,2.954590891959666
2023-03-22,27.77404696264898,2.954590891959666
2023-03-22,46.567866067327685,2.954590891959666
2023-03-22,54.121484197176386,2.954590891959666
2023-03-23,56.178417916888385,1.802105773142588
2023-03-23,6.722785087702949,1.802105773142588
2023-03-24,74.08624789087058,1.7439083368036983
2023-03-24,35.78751641835332,1.7439083368036983
2023-03-25,13.801670800367358,1.7118548623649965
2023-03-25,13.758213326883526,1.7118548623649965
2023-03-25,46.941084379562035,1.7118548623649965
2023-03-26,68.10832530498055,1.62223734899262
2023-03-26,96.98873248712772,1.62223734899262
2023-03-26,13.905410342687649,1.62223734899262
2023-03-26,57.23706917500176,1.62223734899262
2023-03-27,76.442862858705,2.4070588076840536
2023-03-27,55.193681752096104,2.4070588076840536
2023-03-28,30.883009393307688,3.1325931973683723
2023-03-28,21.295827350018104,3.1325931973683723
2023-03-28,1.7244164442598833,3.1325931973683723
2023-03-29,95.95707868829703,3.1538518429456985
2023-03-29,15.905555004583203,3.1538518429456985
2023-03-30,71.03545391291694,2.528359043591852
2023-03-30,80.72888454190645,2.528359043591852
2023-03-31,17.67068177637661,2.623933959022946
2023-03-31,18.219160016891173,2.623933959022946
2023-03-31,39.10143282028852,2.623933959022946
2023-03-31,49.83470354860152,2.623933959022946
2023-04-01,16.04465085254011,3.0971250757432003
2023-04-02,12.413836144528874,1.675958724505894
2023-04-03,27.08880729792467,1.9332449946546788
2023-04-04,23.593708895170764,2.8111325531925626
2023-04-04,81.72165999706779,2.8111325531925626
2023-04-04,15.745130967739444,2.8111325531925626
2023-04-05,86.0964740221794,1.8320725042563595
2023-04-05,46.59538000700618,1.8320725042563595
2023-04-05,87.6197100909019,1.8320725042563595
2023-04-06,52.722445391070565,1.6997033747604906
2023-04-06,73.1938491084067,1.6997033747604906
2023-04-06,89.89076836901332,1.6997033747604906
2023-04-06,23.52469888309168,1.6997033747604906
2023-04-07,64.00044857664824,3.1100686069106436
2023-04-07,7.619752477522372,3.1100686069106436
2023-04-07,56.565156684000165,3.1100686069106436
2023-04-07,92.87946737786315,3.1100686069106436
2023-04-08,15.150264996495634,3.2792872897862972
2023-04-08,28.90436678910382,3.2792872897862972
2023-04-08,41.819907949176084,3.2792872897862972
2023-04-08,39.27113744184907,3.2792872897862972
2023-04-09,37.817876930093576,3.0319315138013936
2023-04-10,89.5102035234518,3.1487928863889794
2023-04-10,6.948873577426626,3.1487928863889794
2023-04-10,87.96734833744983,3.1487928863889794
2023-04-11,90.13119980428972,2.2962358719536096
2023-04-12,98.27705277639843,1.8690751728473476
2023-04-12,20.726714722223438,1.8690751728473476
2023-04-13,62.03288856265276,2.3918064265674355
2023-04-13,71.55180026570413,2.3918064265674355
2023-04-14,3.4748864538731805,2.169868859766509
2023-04-14,77.963867777288,2.169868859766509
2023-04-14,43.191342606046916,2.169868859766509
2023-04-14,87.02820232350595,2.169868859766509
2023-04-15,27.387524330215566,2.00254407852096
2023-04-16,58.778940563576036,2.1185023473954447
2023-04-16,66.79547595047212,2.1185023473954447
2023-04-16,32.816129827599894,2.1185023473954447
2023-04-16,73.31930692682046,2.1185023473954447
2023-04-17,15.703386951343612,2.0344406192890547
2023-04-17,37.290840903325346,2.0344406192890547
2023-04-17,46.951574395350384,2.0344406192890547
2023-04-18,66.22720682964685,2.1256865375170584
2023-04-19,37.05744467760598,3.147110519820086
2023-04-19,36.928849796536184,3.147110519820086
2023-04-19,45.77495244330099,3.147110519820086
2023-04-19,21.27380285961471,3.147110519820086
2023-04-20,47.26529315215269,2.511060512347101
2023-04-20,78.89180403246739,2.511060512347101
2023-04-20,71.36651980901705,2.511060512347101
2023-04-21,30.40178300341418,1.5482306354423394
2023-04-21,50.22770206311942,1.5482306354423394
2023-04-21,35.000428944402806,1.5482306354423394
2023-04-22,69.13640264796406,1.4870093987931519
2023-04-22,6.841523680599287,1.4870093987931519
2023-04-23,68.86352345780647,1.8927992769422513
2023-04-23,90.31004569023914,1.8927992769422513
2023-04-23,37.253574191485576,1.8927992769422513
2023-04-23,87.41315631905181,1.8927992769422513
2023-04-24,6.443482341208093,3.2083423309841237
2023-04-25,7.30780436505929,3.1016410237646985
2023-04-25,21.17499966681552,3.1016410237646985
2023-04-26,65.19848272697605,2.5325794525570533
2023-04-26,40.2340401407714,2.5325794525570533
2023-04-26,28.692865874495688,2.5325794525570533
2023-04-27,30.47390570869869,2.4206292285887416
2023-04-27,90.24575509138074,2.4206292285887416
2023-04-27,98.45634574066864,2.4206292285887416
2023-04-27,26.247868470911186,2.4206292285887416
2023-04-28,62.966460440309085,3.0462484471166924
2023-04-28,4.889072646373371,3.0462484471166924
2023-04-28,8.203645124343607,3.0462484471166924
2023-04-29,84.93443304933473,3.1000965797591666
2023-04-29,41.75545879236496,3.1000965797591666
2023-04-29,89.45022935779876,3.1000965797591666
2023-04-29,71.20723480199314,3.1000965797591666
2023-04-30,51.01299904821613,2.0789017945391217
2023-04-30,48.28288504711545,2.0789017945391217
2023-04-30,52.56302004992532,2.0789017945391217
2023-04-30,68.66645055423999,2.0789017945391217
2023-05-01,38.05123847286603,2.568542461976334
2023-05-01,70.29547437238624,2.568542461976334
2023-05-02,20.9887128544799,1.8478390312824642
2023-05-02,23.097854441206973,1.8478390312824642
2023-05-02,69.24916572027868,1.8478390312824642
2023-05-02,33.07955299176618,1.8478390312824642
2023-05-03,22.354938143133015,2.064045097935702
2023-05-03,87.98412590611989,2.064045097935702
2023-05-03,77.44611672944905,2.064045097935702
2023-05-03,85.24955611923843,2.064045097935702
2023-05-04,67.3331859995384,2.854368095074215
2023-05-04,99.58323893937444,2.854368095074215
2023-05-04,28.387223390313157,2.854368095074215
2023-05-04,6.431987566770203,2.854368095074215
2023-05-05,37.59231241883214,2.272999974139477
2023-05-05,95.83016725295035,2.272999974139477
2023-05-05,42.52303199612754,2.272999974139477
2023-05-06,16.681411932451013,1.771122625384661
2023-05-06,10.522028311405656,1.771122625384661
2023-05-06,85.55364623248454,1.771122625384661
2023-05-07,77.49387769082604,1.6713025809745097
2023-05-07,15.257476149078775,1.6713025809745097
2023-05-07,28.392974046028023,1.6713025809745097
2023-05-07,40.703316825401956,1.6713025809745097
2023-05-08,89.98027132296315,1.8840076072326797
2023-05-08,55.758760348836475,1.8840076072326797
2023-05-08,20.76741398861753,1.8840076072326797
2023-05-09,55.10756309626035,3.1306808875619154
2023-05-09,93.87497168492504,3.1306808875619154
2023-05-09,15.894138073758404,3.1306808875619154
2023-05-10,82.52007749578992,1.5658401208580348
2023-05-10,62.687849873573924,1.5658401208580348
2023-05-10,38.005676029874586,1.5658401208580348
2023-05-11,53.29274033326898,2.2424885974316466
2023-05-11,42.98758554751766,2.2424885974316466
2023-05-11,78.32952326522262,2.2424885974316466
2023-05-12,82.33415569570293,1.504963858364368
2023-05-13,69.7422227559973,1.8022423523735511
2023-05-14,30.555191244365208,2.4577397015242477
2023-05-14,3.0028985979478935,2.4577397015242477
2023-05-14,73.08344061434477,2.4577397015242477
2023-05-15,50.680056418193374,2.1987692901333356
2023-05-15,79.67387181185579,2.1987692901333356
2023-05-15,72.13421497748008,2.1987692901333356
2023-05-15,54.54246958907568,2.1987692901333356
2023-05-16,64.5026649210818,1.8459020966589863
2023-05-16,85.46876707635101,1.8459020966589863
2023-05-17,93.6558868275826,1.4628583670050637
2023-05-17,28.269369005889683,1.4628583670050637
2023-05-17,38.490432538122384,1.4628583670050637
2023-05-18,68.02105819133348,2.0945465519720363
2023-05-18,16.90394587444531,2.0945465519720363
2023-05-18,10.390070162091467,2.0945465519720363
2023-05-19,82.61202220204045,1.6550246969839173
2023-05-19,45.82989687820241,1.6550246969839173
2023-05-19,89.123937823664,1.6550246969839173
2023-05-20,50.39071994838898,2.3970739616455283
2023-05-20,88.9107998774906,2.3970739616455283
2023-05-21,64.85226240184399,1.4923334182502244
2023-05-22,98.75270798353733,1.8444505123401633
2023-05-22,27.63065259025114,1.8444505123401633
2023-05-22,64.34450486066267,1.8444505123401633
2023-05-22,16.402404361461812,1.8444505123401633
2023-05-23,71.32471209752823,2.5860335858739827
2023-05-23,83.05982595788186,2.5860335858739827
2023-05-24,45.483865782354165,3.1375070327539234
2023-05-24,49.18174674103605,3.1375070327539234
2023-05-25,22.65188288300303,2.6510563677022505
2023-05-25,95.40498510241372,2.6510563677022505
2023-05-25,29.069624909700295,2.6510563677022505
2023-05-26,28.98790966562307,2.682837291299701
2023-05-27,65.79871152416368,2.8248319191567846
2023-05-27,48.03518536804522,2.8248319191567846
2023-05-28,92.69286874256825,2.573774413407002
2023-05-28,66.9422109175018,2.573774413407002
2023-05-29,4.249492131904812,2.879735870408048
2023-05-30,98.7667691376354,3.1315805290162553
2023-05-30,88.27326522511332,3.1315805290162553
2023-05-31,70.22708082891671,2.718417014851348
2023-06-01,82.72841927112563,1.5601422803176388
2023-06-01,73.30734375468978,1.5601422803176388
2023-06-01,81.48328837467538,1.5601422803176388
2023-06-02,65.79756792732799,2.4674223244596796
2023-06-02,43.4242379892114,2.4674223244596796
2023-06-02,85.10124114637044,2.4674223244596796
2023-06-03,55.681693092653134,1.7451656299515004
2023-06-03,60.40645638976858,1.7451656299515004
2023-06-04,92.9435012540776,2.430232386334379
2023-06-05,31.833754458756164,2.5055637186213353
2023-06-05,72.74794018783354,2.5055637186213353
2023-06-05,67.17816987545247,2.5055637186213353
2023-06-06,68.38081460785705,3.216189495704498
2023-06-06,20.421399333254726,3.216189495704498
2023-06-06,50.29233579098747,3.216189495704498
2023-06-07,15.198710149208033,3.0556196898211603
2023-06-07,93.23665055763276,3.0556196898211603
2023-06-08,26.370360773411733,2.3903258399800045
2023-06-09,47.834765664322205,2.003224735116245
2023-06-09,24.163486558986257,2.003224735116245
2023-06-09,43.786743417077304,2.003224735116245
2023-06-09,60.78140170969381,2.003224735116245
2023-06-10,34.30468123835183,3.2259442641783846
2023-06-10,22.38895974967743,3.2259442641783846
2023-06-10,36.2914013691633,3.2259442641783846
2023-06-10,96.06097785395079,3.2259442641783846
2023-06-11,92.56585947474413,1.5793260395322664
2023-06-11,76.8629655657119,1.5793260395322664
2023-06-11,98.77465136197723,1.5793260395322664
2023-06-11,46.83617100656812,1.5793260395322664
2023-06-12,79.82991491505729,2.7887552580005988
2023-06-12,70.69407366635717,2.7887552580005988
2023-06-13,75.66215628875077,2.659616952258199
2023-06-13,73.85928895491408,2.659616952258199
2023-06-14,5.916367858469216,1.994056671074583
2023-06-14,39.47262090648604,1.994056671074583
2023-06-15,48.65224254021039,2.451937436125271
2023-06-15,58.869011209741025,2.451937436125271
2023-06-16,16.148759739094437,1.8397531631711936
2023-06-16,95.54410244495264,1.8397531631711936
2023-06-16,42.383767089687915,1.8397531631711936
2023-06-16,52.01343395110027,1.8397531631711936
2023-06-17,85.96520077358336,2.2035447711545744
2023-06-17,13.560124313431015,2.2035447711545744
2023-06-17,33.94157457449551,2.2035447711545744
2023-06-17,16.964089597251352,2.2035447711545744
2023-06-18,66.31878912569773,2.8587584870126443
2023-06-18,62.3769225389139,2.8587584870126443
2023-06-18,98.27203135059752,2.8587584870126443
2023-06-18,41.62643755539208,2.8587584870126443
2023-06-19,14.6588114313272,1.9157571600480545
2023-06-19,12.695218947824047,1.9157571600480545
2023-06-19,89.11454287312093,1.9157571600480545
2023-06-19,10.561022554845566,1.9157571600480545
2023-06-20,34.9507023965745,3.287756046966644
2023-06-20,19.931140271645024,3.287756046966644
2023-06-21,11.904631576151425,2.7922706344526262
2023-06-22,31.22877223088136,2.0846661516562826
2023-06-22,67.49565982815432,2.0846661516562826
2023-06-22,37.68315491028143,2.0846661516562826
2023-06-22,55.385968213271155,2.0846661516562826
2023-06-23,15.719619531724126,2.8589460337729404
2023-06-24,97.14064457224273,2.8286122714993382
2023-06-24,16.941702897992165,2.8286122714993382
2023-06-24,48.56002817845836,2.8286122714993382
2023-06-24,69.61604164065636,2.8286122714993382
2023-06-25,31.28555330496962,1.5894914149482213
2023-06-25,54.36967929839503,1.5894914149482213
2023-06-25,91.7265815226171,1.5894914149482213
2023-06-26,67.01557038035139,2.73530740827037
2023-06-27,94.81199368881114,2.1823666507245987
2023-06-27,54.966240634553714,2.1823666507245987
2023-06-28,87.73656101528093,2.852519109359685
2023-06-29,49.60308756542062,2.3343913708541626
2023-06-29,18.634655128807204,2.3343913708541626
2023-06-30,90.0482420412733,1.7380096845175421
2023-06-30,41.72374977469391,1.7380096845175421
2023-06-30,47.821946412795924,1.7380096845175421
2023-07-01,28.349295338136812,2.2333862226399743
2023-07-01,85.0780989418679,2.2333862226399743
2023-07-01,36.475364476303795,2.2333862226399743
2023-07-01,34.57896958380065,2.2333862226399743
2023-07-02,89.53347805198528,2.194849910373021
2023-07-02,94.40151647682808,2.194849910373021
2023-07-02,77.52168595296716,2.194849910373021
2023-07-02,54.30298052259996,2.194849910373021
2023-07-03,22.775800520117713,2.0020495836159813
2023-07-03,83.15390953954685,2.0020495836159813
2023-07-04,56.922860014611594,2.1573654523151324
2023-07-04,16.49667837763073,2.1573654523151324
2023-07-04,77.64075269629242,2.1573654523151324
2023-07-05,34.380525917572776,2.6161171619241825
2023-07-06,33.19359919238775,1.4006444773469795
2023-07-06,73.76684537289007,1.4006444773469795
2023-07-07,99.64351725435516,2.703085977156489
2023-07-07,95.07254003011613,2.703085977156489
2023-07-08,34.87712384016232,1.676448927529545
2023-07-08,60.231666133281045,1.676448927529545
2023-07-08,64.00622241101115,1.676448927529545
2023-07-09,72.4300979340998,2.1848412968703954
2023-07-10,90.17158045446541,2.896443509445418
2023-07-10,64.05518785633996,2.896443509445418
2023-07-10,54.36931678549145,2.896443509445418
2023-07-10,89.31410740122558,2.896443509445418
2023-07-11,91.10598976541225,1.8559903072945592
2023-07-12,8.243724364641675,1.3712638263740056
2023-07-12,69.1922175213932,1.3712638263740056
2023-07-12,48.09860206301171,1.3712638263740056
2023-07-12,42.404155328615865,1.3712638263740056
2023-07-13,27.03783800913997,1.9918523861114097
2023-07-13,36.410616916067646,1.9918523861114097
2023-07-14,27.561168516672446,3.0485380702801343
2023-07-14,4.796103104197,3.0485380702801343
2023-07-15,39.63117359502707,1.5346266590720115
2023-07-15,80.56331029719564,1.5346266590720115
2023-07-15,59.16143362247608,1.5346266590720115
2023-07-16,35.6726051958873,2.2251465062398097
2023-07-16,52.0974027915431,2.2251465062398097
2023-07-17,80.73659865860681,1.9075531301370496
2023-07-18,22.177259706421662,3.0421141281281927
2023-07-18,95.86235335856325,3.0421141281281927
2023-07-19,75.2542836202463,2.5542396796534033
2023-07-19,87.6466844536138,2.5542396796534033
2023-07-19,59.547554762581946,2.5542396796534033
2023-07-19,92.65952894509415,2.5542396796534033
2023-07-20,24.946624784867577,1.5175966590479912
2023-07-20,40.106089288870024,1.5175966590479912
2023-07-20,56.01638036173172,1.5175966590479912
2023-07-21,84.58648229919741,3.166723680850647
2023-07-21,12.081605593120225,3.166723680850647
2023-07-21,57.50775004610714,3.166723680850647
2023-07-21,7.165177694610436,3.166723680850647
2023-07-22,64.2846575342966,2.8188997980655985
2023-07-22,53.118132307547384,2.8188997980655985
2023-07-23,43.86416985121778,1.8552167400669535
2023-07-23,10.381070949516483,1.8552167400669535
2023-07-23,29.924490508708658,1.8552167400669535
2023-07-24,91.57526347389806,2.403381001132944
2023-07-25,83.66948094717334,1.5632273552198477
2023-07-25,83.75871744083246,1.5632273552198477
2023-07-25,93.87327943168725,1.5632273552198477
2023-07-25,59.651770163011754,1.5632273552198477
2023-07-26,18.588981095481184,2.484577576538798
2023-07-26,15.855684400731727,2.484577576538798
2023-07-26,87.574154009771,2.484577576538798
2023-07-27,83.35949301256694,2.4638593544614986
2023-07-27,76.69896183358743,2.4638593544614986
2023-07-28,95.62765593794481,3.269326863799069
2023-07-28,70.74372065265425,3.269326863799069
2023-07-28,47.586999310173056,3.269326863799069
2023-07-28,35.80792520813271,3.269326863799069
2023-07-29,30.028230844389363,3.072351466888173
2023-07-29,5.353656387350647,3.072351466888173
2023-07-29,18.017190223093774,3.072351466888173
2023-07-29,56.98221013859803,3.072351466888173
2023-07-30,97.83698994150068,1.7008057888140602
2023-07-30,32.70885050686083,1.7008057888140602
2023-07-31,41.985987868367964,1.8000790077476398
2023-08-01,39.04176531904399,2.816757088510701
2023-08-02,26.03766212516062,2.444795826469099
2023-08-03,80.10762840378806,1.4571842656897953
2023-08-03,16.58040618706278,1.4571842656897953
2023-08-03,53.84673919234611,1.4571842656897953
2023-08-03,42.05675631152269,1.4571842656897953
2023-08-04,11.363821569096668,1.4423197409191564
2023-08-04,98.89340657708411,1.4423197409191564
2023-08-04,53.09656838985156,1.4423197409191564
2023-08-04,95.55443098659147,1.4423197409191564
2023-08-05,19.671915480478262,2.4578374333387725
2023-08-05,33.52638490931885,2.4578374333387725
2023-08-06,15.819332805437504,2.1732319214111238
2023-08-06,36.72218858283566,2.1732319214111238
2023-08-06,91.70660858110561,2.1732319214111238
2023-08-07,71.42060482494406,3.050126222796869
2023-08-08,26.912621152757442,3.0083684766162975
2023-08-08,20.83897180808586,3.0083684766162975
2023-08-09,79.31959004786866,2.6837909878766846
2023-08-10,84.61520822449074,2.267011619482841
2023-08-10,29.05701540278955,2.267011619482841
2023-08-11,45.62758151929332,1.7315941448373078
2023-08-11,22.48470941833163,1.7315941448373078
2023-08-11,61.89183474664381,1.7315941448373078
2023-08-12,37.05825774365769,2.9919169123998524
2023-08-12,1.2922507407707629,2.9919169123998524
2023-08-12,62.428424677690295,2.9919169123998524
2023-08-13,85.46403008997275,2.6707351854529344
2023-08-13,94.33398806835157,2.6707351854529344
2023-08-14,17.56744568839838,1.560213878711777
2023-08-14,24.113425636923225,1.560213878711777
2023-08-15,48.5844787227258,2.012714778304125
2023-08-15,17.911679816393033,2.012714778304125
2023-08-15,19.767115628214352,2.012714778304125
2023-08-15,79.28193174940041,2.012714778304125
2023-08-16,35.48175515285806,1.7863247369697621
2023-08-16,37.72072094908179,1.7863247369697621
2023-08-16,30.09061566050471,1.7863247369697621
2023-08-16,22.859246745952444,1.7863247369697621
2023-08-17,92.63730534901468,3.1084689660851392
2023-08-17,47.70628567728897,3.1084689660851392
2023-08-18,35.08313635723843,1.6416730304005147
2023-08-18,9.934948792027742,1.6416730304005147
2023-08-19,44.43489175493342,2.554894399103329
2023-08-20,60.43826576055802,2.2883385093143245
2023-08-20,69.5222953671383,2.2883385093143245
2023-08-20,24.80720353522049,2.2883385093143245
2023-08-20,25.495359186289843,2.2883385093143245
2023-08-21,80.57699855347435,1.465622420797162
2023-08-22,20.528488700237666,2.493270007269593
2023-08-22,20.637030758042087,2.493270007269593
2023-08-23,63.980782163497565,1.6949462823598522
2023-08-23,79.0004538959524,1.6949462823598522
2023-08-23,3.930920431188798,1.6949462823598522
2023-08-23,51.70212822061299,1.6949462823598522
2023-08-24,57.185925536018814,2.824932275743493
2023-08-24,39.025070500929914,2.824932275743493
2023-08-24,34.027754658776836,2.824932275743493
2023-08-25,56.08691054989579,2.102015304216864
2023-08-25,34.11776498567627,2.102015304216864
2023-08-25,79.11859001010784,2.102015304216864
2023-08-25,4.747992108972373,2.102015304216864
2023-08-26,23.08408509311189,2.716018043429643
2023-08-26,30.902181218919146,2.716018043429643
2023-08-27,60.57532757989853,2.7395748215467837
2023-08-27,33.15222726012335,2.7395748215467837
2023-08-27,16.77798487311379,2.7395748215467837
2023-08-27,51.25440103221277,2.7395748215467837
2023-08-28,53.90381676797724,2.432138465156428
2023-08-28,61.994209015559306,2.432138465156428
2023-08-28,24.25611698371561,2.432138465156428
2023-08-28,29.41100300368452,2.432138465156428
2023-08-29,7.4471510935163225,2.271967331909652
2023-08-29,44.237548999950334,2.271967331909652
2023-08-29,46.46969279791072,2.271967331909652
2023-08-29,96.83743812996272,2.271967331909652
2023-08-30,45.61310468291795,1.9118853314130777
2023-08-30,47.69945969065045,1.9118853314130777
2023-08-30,10.953831405363895,1.9118853314130777
2023-08-31,98.34305422606205,1.818146859692938
2023-08-31,23.01495206289233,1.818146859692938
2023-08-31,86.79338682296276,1.818146859692938
2023-08-31,89.97571642854246,1.818146859692938
2023-09-01,76.42141596709956,1.4147449657320716
2023-09-01,67.42667600183712,1.4147449657320716
2023-09-01,98.51498383593096,1.4147449657320716
2023-09-02,56.339225409444445,2.3245163626536325
2023-09-02,85.93154355508031,2.3245163626536325
2023-09-02,37.10476349310647,2.3245163626536325
2023-09-02,99.13762911269177,2.3245163626536325
2023-09-03,95.36334427756225,1.860297889580985
2023-09-04,55.20323198841262,1.5389477912056717
2023-09-05,9.143448941813956,2.430453697549657
2023-09-05,32.50027758590848,2.430453697549657
2023-09-05,80.49575988386414,2.430453697549657
2023-09-05,30.676770457914447,2.430453697549657
2023-09-06,77.01276936857104,1.6399127152577362
2023-09-07,11.388321178300382,1.889958206150552
2023-09-08,96.97808806737656,1.698163222029002
2023-09-08,44.04867015686945,1.698163222029002
2023-09-09,96.30840272624134,1.8645287643622543
2023-09-09,75.01191436021347,1.8645287643622543
2023-09-09,66.57216792969281,1.8645287643622543
2023-09-09,67.56210748613769,1.8645287643622543
2023-09-10,88.81997651010577,1.7926845428239775
2023-09-11,69.9832570554244,2.887199450801581
2023-09-11,46.27296090951241,2.887199450801581
2023-09-11,37.8672396989471,2.887199450801581
2023-09-11,35.137109544601095,2.887199450801581
2023-09-12,45.45116499681272,2.730425645113038
2023-09-12,3.64845342206336,2.730425645113038
2023-09-13,43.37608344137567,2.786844539088518
2023-09-14,43.16603741448156,2.169545045032611
2023-09-14,63.48754815585264,2.169545045032611
2023-09-15,84.0987569748667,1.8961198467882734
2023-09-15,17.259356404741556,1.8961198467882734
2023-09-15,88.44855356627033,1.8961198467882734
2023-09-15,84.70486204922561,1.8961198467882734
2023-09-16,7.868510705584934,2.948384247327147
2023-09-16,39.6423391417627,2.948384247327147
2023-09-16,48.10882765688189,2.948384247327147
2023-09-16,46.50000675629075,2.948384247327147
2023-09-17,33.42497132918005,2.304546142714575
2023-09-17,19.256306719982124,2.304546142714575
2023-09-18,58.42704100112317,3.2614894032061144
2023-09-19,50.641390394561945,1.5259776679426835
2023-09-19,13.179845159346701,1.5259776679426835
2023-09-19,84.42304215344735,1.5259776679426835
2023-09-20,61.633400966078725,1.8252001513866962
2023-09-20,73.39348299270186,1.8252001513866962
2023-09-20,38.06631656518804,1.8252001513866962
2023-09-20,45.82291831831781,1.8252001513866962
2023-09-21,9.194073259364488,3.0325202448650925
2023-09-21,4.795157725357804,3.0325202448650925
2023-09-21,46.162168752400035,3.0325202448650925
2023-09-22,25.105316506513745,1.4303132134084973
2023-09-22,68.77152669653891,1.4303132134084973
2023-09-23,82.09309934520637,2.1954596682612975
2023-09-23,57.121423957380486,2.1954596682612975
2023-09-23,56.34623555138816,2.1954596682612975
2023-09-23,28.026469881689515,2.1954596682612975
2023-09-24,90.63611650816742,1.7680274038569828
2023-09-24,76.5566318936654,1.7680274038569828
2023-09-24,67.99925155811265,1.7680274038569828
2023-09-25,48.094260873399406,2.63270247125926
2023-09-25,65.91909783834312,2.63270247125926
2023-09-25,36.237042192590465,2.63270247125926
2023-09-26,13.69138873701964,3.277969681909343
2023-09-27,31.622882949726474,2.7144319550306975
2023-09-27,2.9620220017840695,2.7144319550306975
2023-09-28,81.75595071430871,1.3550472104736357
2023-09-28,67.03031400739268,1.3550472104736357
2023-09-29,15.484996231492286,3.071423426605798
2023-09-29,15.02407673169547,3.071423426605798
2023-09-29,89.12965611701657,3.071423426605798
2023-09-30,51.11057872720353,2.817224315322801
2023-09-30,29.363741148823188,2.817224315322801
2023-10-01,99.52227984682307,2.0793196042923796
2023-10-01,54.63954060127273,2.0793196042923796
2023-10-02,45.62169379008752,2.963223636415152
2023-10-02,52.35615675122643,2.963223636415152
2023-10-02,85.57232457443443,2.963223636415152
2023-10-02,62.11387335395217,2.963223636415152
2023-10-03,85.3052082932696,2.119226144730611
2023-10-04,74.52893921760561,2.3044943966320397
2023-10-04,8.049844138954068,2.3044943966320397
2023-10-04,4.16332868223878,2.3044943966320397
2023-10-04,62.41831984175052,2.3044943966320397
2023-10-05,84.00250189537054,1.6381207676906402
2023-10-06,61.12277736482421,3.0592770285025286
2023-10-06,23.652013824177875,3.0592770285025286
2023-10-07,94.88692662062024,2.046133995981285
2023-10-07,84.4127500901867,2.046133995981285
2023-10-07,24.159515879609707,2.046133995981285
2023-10-07,66.835101001928,2.046133995981285
2023-10-08,27.82914667598551,3.181721965523898
2023-10-08,64.41508982928323,3.181721965523898
2023-10-08,64.17487372757057,3.181721965523898
2023-10-09,75.72703177853039,2.622437915141795
2023-10-09,82.08963175880172,2.622437915141795
2023-10-09,45.79421220899151,2.622437915141795
2023-10-09,60.44841226106251,2.622437915141795
2023-10-10,43.70622658827766,1.6187148675220768
2023-10-10,46.62517731352187,1.6187148675220768
2023-10-10,79.99572994698144,1.6187148675220768
2023-10-10,79.45578351693689,1.6187148675220768
2023-10-11,96.50523624014521,3.2984799874030752
2023-10-12,78.13843002177855,3.290340485956949
2023-10-13,21.83784669429604,3.274004321530457
2023-10-13,92.00605401891113,3.274004321530457
2023-10-14,80.20497290975074,3.238276230525253
2023-10-14,85.6024280295745,3.238276230525253
2023-10-14,90.56849417225472,3.238276230525253
2023-10-14,55.18445669394175,3.238276230525253
2023-10-15,97.02074224558066,1.946580255138502
2023-10-15,62.223333047210076,1.946580255138502
2023-10-15,29.30733399399975,1.946580255138502
2023-10-16,60.98867030380182,2.77886986899967
2023-10-17,47.227322621399296,2.501815103135666
2023-10-17,1.5774794524956983,2.501815103135666
2023-10-17,40.801427561657654,2.501815103135666
2023-10-18,12.352945993169685,2.6043224650658208
2023-10-19,52.87669521702456,2.93620087836065
2023-10-20,84.3428969859234,2.258267557228683
2023-10-21,13.405686653069932,2.4031331164072394
2023-10-21,77.00188081878042,2.4031331164072394
2023-10-21,77.95835482689928,2.4031331164072394
2023-10-21,75.1370155935215,2.4031331164072394
2023-10-22,15.631537127316008,2.627502004924227
2023-10-22,34.62066014478459,2.627502004924227
2023-10-22,69.77856270148065,2.627502004924227
2023-10-23,38.705315045060814,3.0277323550112696
2023-10-23,57.5425265761617,3.0277323550112696
2023-10-23,57.30634019439076,3.0277323550112696
2023-10-24,86.41801786991356,3.296446777448934
2023-10-24,49.56568582023703,3.296446777448934
2023-10-24,19.40078633160472,3.296446777448934
2023-10-25,28.991853145241738,2.684586258129701
2023-10-25,93.86882165428341,2.684586258129701
2023-10-25,77.67933944081305,2.684586258129701
2023-10-26,30.337712077264054,2.977285775000923
2023-10-26,80.30109478522708,2.977285775000923
2023-10-26,81.6424284941639,2.977285775000923
2023-10-27,79.1628762115595,2.1542299417697484
2023-10-28,61.42177737804412,1.7571293909487549
2023-10-28,15.073129131241469,1.7571293909487549
2023-10-29,27.461435865976974,2.98851224705687
2023-10-29,23.394627159275856,2.98851224705687
2023-10-29,97.48953347299559,2.98851224705687
2023-10-29,59.942791706595436,2.98851224705687
2023-10-30,93.37128314083101,2.836518351565959
2023-10-30,7.077228805964069,2.836518351565959
2023-10-30,47.55180033216205,2.836518351565959
2023-10-31,95.317816375883,2.366953171248323
2023-10-31,32.2363929912493,2.366953171248323
2023-11-01,95.40427082188768,1.7269134321915296
2023-11-01,43.71634669593078,1.7269134321915296
2023-11-02,9.97056057481223,2.7265059222673296
2023-11-02,65.7322365759024,2.7265059222673296
2023-11-03,65.89569162150345,2.7427704084183206
2023-11-04,58.14174921104619,3.0411801772759026
2023-11-04,87.33553087499347,3.0411801772759026
2023-11-05,45.55678924541015,2.482107552475407
2023-11-06,65.94887631135131,2.727201256622247
2023-11-07,11.675037066848711,1.9191537953935018
2023-11-08,79.94661540246105,1.5108032929493953
2023-11-08,53.600704972862616,1.5108032929493953
2023-11-09,26.87623122431898,2.1488466949198917
2023-11-09,54.594408208029,2.1488466949198917
2023-11-10,8.487238577969077,2.2079137050410895
2023-11-10,54.92629330129892,2.2079137050410895
2023-11-10,60.12291611123089,2.2079137050410895
2023-11-11,10.742110586149314,3.2794376465489665
2023-11-11,65.68548871067229,3.2794376465489665
2023-11-11,12.000055094610751,3.2794376465489665
2023-11-12,72.78422952653811,2.0765354702600822
2023-11-12,59.922882359739255,2.0765354702600822
2023-11-12,95.32797692854906,2.0765354702600822
2023-11-13,70.99166878462515,3.153019204885709
2023-11-13,30.82412026308325,3.153019204885709
2023-11-13,32.73739299141113,3.153019204885709
2023-11-14,31.279906621035874,3.0549317339468605
2023-11-14,75.9428598868244,3.0549317339468605
2023-11-14,99.12710388871928,3.0549317339468605
2023-11-14,75.35689793622775,3.0549317339468605
2023-11-15,61.32789329101657,2.735043541506702
2023-11-15,17.983281549703133,2.735043541506702
2023-11-15,10.658510026957444,2.735043541506702
2023-11-16,51.686871953312334,2.7623620592346296
2023-11-16,78.56169185802375,2.7623620592346296
2023-11-17,73.54654138890686,2.80490909254614
2023-11-17,64.58638888468977,2.80490909254614
2023-11-17,60.124016582974456,2.80490909254614
2023-11-18,97.76392535007345,3.1901084749280093
2023-11-18,29.55673395640031,3.1901084749280093
2023-11-19,12.956003069087082,1.8255862400454712
2023-11-19,64.48585234517594,1.8255862400454712
2023-11-20,4.7653006802929045,2.299085971086052
2023-11-21,37.51452021276133,2.973999904364886
2023-11-21,9.993359548174517,2.973999904364886
2023-11-21,82.06386789171042,2.973999904364886
2023-11-21,1.0262043693717862,2.973999904364886
2023-11-22,28.78712603293032,2.2124082850010045
2023-11-22,57.0623680739463,2.2124082850010045
2023-11-22,49.569105688694265,2.2124082850010045
2023-11-22,64.14788631530448,2.2124082850010045
2023-11-23,5.24697246378887,2.51403101668181
2023-11-23,39.25903310269181,2.51403101668181
2023-11-23,53.79384068015535,2.51403101668181
2023-11-23,82.43367167597961,2.51403101668181
2023-11-24,86.85268392816218,3.231626741829606
2023-11-24,81.45843894430153,3.231626741829606
2023-11-25,61.94857284925885,3.068337107670782
2023-11-25,66.43627776130681,3.068337107670782
2023-11-25,70.5817932879028,3.068337107670782
2023-11-26,19.13678920471233,3.227743189803296
2023-11-27,69.05342827196094,2.2912475364854985
2023-11-28,60.43006405871594,1.744134209324448
2023-11-29,33.40569428885574,3.1907257746872437
2023-11-30,41.56676985092707,2.307276417198239
2023-11-30,6.792734235930763,2.307276417198239
2023-12-01,60.40271198412782,3.174482184834028
2023-12-01,99.36234743879193,3.174482184834028
2023-12-01,46.83568073899823,3.174482184834028
2023-12-01,12.21655084312704,3.174482184834028
2023-12-02,16.485305836481096,3.073601551360731
2023-12-03,65.86370140541274,2.9296605208919395
2023-12-03,43.64825951816081,2.9296605208919395
2023-12-03,43.67228837824009,2.9296605208919395
2023-12-04,87.55167816296192,2.4169445570561847
2023-12-04,16.010954322747416,2.4169445570561847
2023-12-05,48.85544480060513,2.9974142590560477
2023-12-05,60.61844966308154,2.9974142590560477
2023-12-05,35.40691427563888,2.9974142590560477
2023-12-05,2.1843444961401803,2.9974142590560477
2023-12-06,87.0669265658507,2.1744088557767522
2023-12-06,96.28418942975688,2.1744088557767522
2023-12-06,40.652667677843695,2.1744088557767522
2023-12-07,24.107867696546293,2.725886963332692
2023-12-07,32.84912361706665,2.725886963332692
2023-12-08,88.58511354612442,1.3888250038082355
2023-12-09,61.98824225258986,1.4100974338469607
2023-12-09,31.389656004071288,1.4100974338469607
2023-12-10,44.46439528743792,1.5075097753548639
2023-12-10,49.70919285079864,1.5075097753548639
2023-12-11,51.04691838732523,3.12434949211465
2023-12-11,58.312469664998424,3.12434949211465
2023-12-11,38.17593675798565,3.12434949211465
2023-12-12,40.6180676577573,2.2832292842530717
2023-12-12,45.00587443660459,2.2832292842530717
2023-12-12,75.55867641071742,2.2832292842530717
2023-12-13,36.28176871246278,1.5169837363064702
2023-12-13,59.955367667243735,1.5169837363064702
2023-12-13,27.345297268031878,1.5169837363064702
2023-12-14,16.40131985726628,1.4124773458087878
2023-12-14,95.33392514706497,1.4124773458087878
2023-12-14,47.133700940148614,1.4124773458087878
2023-12-14,57.175837955288266,1.4124773458087878
2023-12-15,55.098665251891205,1.6107811320725587
2023-12-15,36.681659722341735,1.6107811320725587
2023-12-15,95.75207900159143,1.6107811320725587
2023-12-15,48.10132750073815,1.6107811320725587
2023-12-16,80.39879155565912,2.07426438959174
2023-12-16,24.260417797230527,2.07426438959174
2023-12-17,40.914345174983495,1.6226519414122884
2023-12-18,68.25522167921002,2.749156589102144
2023-12-18,76.00538439535126,2.749156589102144
2023-12-18,54.750766134871895,2.749156589102144
2023-12-18,1.065319321617821,2.749156589102144
2023-12-19,29.47488232574957,2.3081213261927203
2023-12-19,50.94749395541892,2.3081213261927203
2023-12-19,90.51606665847928,2.3081213261927203
2023-12-19,48.929994853656865,2.3081213261927203
2023-12-20,66.03796337408619,1.4847658350860735
2023-12-20,10.914969526855428,1.4847658350860735
2023-12-20,88.43812791896201,1.4847658350860735
2023-12-21,8.967764284068245,3.216909277027077
2023-12-21,53.336917713584874,3.216909277027077
2023-12-22,51.43972094373105,2.9518153697326452
2023-12-22,36.63094134487177,2.9518153697326452
2023-12-22,93.57833713798614,2.9518153697326452
2023-12-23,72.16683781388056,1.9068748401520286
2023-12-23,6.188652449803073,1.9068748401520286
2023-12-24,14.4988358352667,1.4928755246738612
2023-12-24,46.1197451430251,1.4928755246738612
2023-12-24,73.42656826994734,1.4928755246738612
2023-12-25,74.22223647595065,2.958189887623284
2023-12-25,46.31719592472864,2.958189887623284
2023-12-25,13.792137334131827,2.958189887623284
2023-12-25,67.92669143792969,2.958189887623284
2023-12-26,80.95708263407232,1.5210765543646607
2023-12-26,77.09674810868201,1.5210765543646607
2023-12-26,23.093758056232822,1.5210765543646607
2023-12-26,10.672255617626414,1.5210765543646607
2023-12-27,23.67728872409118,2.246187525092134
2023-12-27,19.26486883210861,2.246187525092134
2023-12-28,45.10629864958293,3.0396619719878117
2023-12-28,29.589328444111537,3.0396619719878117
2023-12-29,61.351870112202874,2.109118943026049
2023-12-29,15.623478787813747,2.109118943026049
2023-12-30,39.34606292759385,2.543105613965812
2023-12-30,36.16553165050815,2.543105613965812
2023-12-31,75.14183651262665,2.085212566455999
2023-12-31,71.60629600004907,2.085212566455999
2023-12-31,81.42677381692525,2.085212566455999
2023-12-31,14.407792720467661,2.085212566455999
2024-01-01,36.09204727317583,1.37413472944368
2024-01-01,22.98493537915563,1.37413472944368
2024-01-01,60.078935159676135,1.37413472944368
2024-01-02,2.405655019932421,1.7536619944818874
2024-01-02,51.24107957693673,1.7536619944818874
2024-01-02,92.14555261408852,1.7536619944818874
2024-01-02,37.29746657191346,1.7536619944818874
2024-01-03,61.04094123853182,2.705885852241695
2024-01-04,88.39775241356439,2.1900364346445884
2024-01-05,14.474162911872286,2.071902215615894
2024-01-05,28.538801785494933,2.071902215615894
2024-01-05,62.04770613343248,2.071902215615894
2024-01-05,49.306224318064025,2.071902215615894
2024-01-06,78.24771237702566,3.224830898589607
2024-01-06,43.73826091361044,3.224830898589607
2024-01-06,3.364176204518259,3.224830898589607
2024-01-07,35.974000320449925,1.4261136117350617
2024-01-07,99.68123799311138,1.4261136117350617
2024-01-07,91.2310389688183,1.4261136117350617
2024-01-08,60.37373727282022,3.0583161239001786
2024-01-08,60.523188687323376,3.0583161239001786
2024-01-08,50.24135029953469,3.0583161239001786
2024-01-08,63.906283990287214,3.0583161239001786
2024-01-09,76.70849212361492,2.724286251714775
2024-01-09,98.70594944029087,2.724286251714775
2024-01-10,84.5380540693778,2.735572452939386
2024-01-10,28.04046714897911,2.735572452939386
2024-01-11,56.4912361362947,2.7742365022383813
2024-01-12,42.66841274908014,2.4539617947309926
2024-01-12,94.55614916449406,2.4539617947309926
2024-01-12,25.81814572205507,2.4539617947309926
2024-01-13,6.461321210095372,2.092304845982804
2024-01-13,95.25330558758267,2.092304845982804
2024-01-14,81.69780841741151,2.3721767017245137
2024-01-15,17.219990937864704,2.8235999864404624
2024-01-15,94.21018041391581,2.8235999864404624
2024-01-16,6.825140119092905,1.4231917699247751
2024-01-16,65.66658944427353,1.4231917699247751
2024-01-17,48.78121636151686,1.5427496963187368
2024-01-17,33.23068175847468,1.5427496963187368
2024-01-17,15.646236802561502,1.5427496963187368
2024-01-17,80.30199617690717,1.5427496963187368
2024-01-18,51.13604446971074,2.8648856163802146
2024-01-18,47.70486211733103,2.8648856163802146
2024-01-19,24.149022427408998,2.9942488460903784
2024-01-19,3.0536729839623957,2.9942488460903784
2024-01-19,75.04194858242224,2.9942488460903784
2024-01-19,93.94315300974316,2.9942488460903784
2024-01-20,26.74816927856835,2.8451246967021735
2024-01-20,37.42701798459205,2.8451246967021735
2024-01-21,89.86931103092512,1.4745443186765652
2024-01-21,28.852545492108952,1.4745443186765652
2024-01-21,5.830103605212718,1.4745443186765652
2024-01-22,2.207795790762831,2.1297993496111336
2024-01-22,83.96643749450062,2.1297993496111336
2024-01-22,34.97548398568493,2.1297993496111336
2024-01-23,88.9359180780596,3.2076552746340727
2024-01-23,69.51098235109231,3.2076552746340727
2024-01-23,9.47356940011252,3.2076552746340727
2024-01-24,54.758816093164434,3.1537175870149405
2024-01-24,34.42751569230143,3.1537175870149405
2024-01-24,22.21328933323083,3.1537175870149405
2024-01-24,53.35562066107421,3.1537175870149405
2024-01-25,37.87088872632747,3.1534875623795573
2024-01-25,92.50025115449829,3.1534875623795573
2024-01-25,81.8780731314456,3.1534875623795573
2024-01-26,95.82280794400738,2.117369870100828
2024-01-26,71.618307126681,2.117369870100828
2024-01-26,63.95026647296937,2.117369870100828
2024-01-26,49.844237552088025,2.117369870100828
2024-01-27,81.53153044760246,3.190331658371091
2024-01-28,75.48415925670473,2.51569886048586
2024-01-29,12.264729884067172,2.960015907232587
2024-01-29,16.441835912228264,2.960015907232587
2024-01-29,41.13105466399209,2.960015907232587
2024-01-29,56.9081242424016,2.960015907232587
2024-01-30,59.29818867052097,2.6496757004712723
2024-01-30,20.586742227072623,2.6496757004712723
2024-01-30,41.0507320868264,2.6496757004712723
2024-01-30,79.45940100158634,2.6496757004712723
2024-01-31,27.96723350536862,2.746152921362966
2024-02-01,77.83208465182567,2.5886858295091235
2024-02-02,85.2461499414712,3.0988976311131244
2024-02-02,19.102674875053456,3.0988976311131244
2024-02-03,24.292529319612154,1.9855831936119568
2024-02-03,52.25882544814831,1.9855831936119568
2024-02-03,31.356791227373396,1.9855831936119568
2024-02-03,86.63189097320553,1.9855831936119568
2024-02-04,86.49852241006366,2.119476039759987
2024-02-04,14.287100444502649,2.119476039759987
2024-02-04,12.549596033277536,2.119476039759987
2024-02-05,13.01092453619796,2.5919666884049812
2024-02-05,45.73418512984591,2.5919666884049812
2024-02-05,12.806139844442903,2.5919666884049812
2024-02-05,47.98219748948344,2.5919666884049812
2024-02-06,97.47477948759384,2.086570011822335
2024-02-06,40.797745563719545,2.086570011822335
2024-02-06,98.91475887341126,2.086570011822335
2024-02-07,69.4192212766575,1.6953008759207358
2024-02-07,17.881978084498467,1.6953008759207358
2024-02-07,46.472215353675516,1.6953008759207358
2024-02-08,47.697667394096136,2.6095743344096767
2024-02-08,88.5921697227322,2.6095743344096767
2024-02-08,36.95829089618284,2.6095743344096767
2024-02-08,48.889096779283115,2.6095743344096767
2024-02-09,34.36906367548219,2.5795477428926845
2024-02-09,27.989390038435587,2.5795477428926845
2024-02-09,14.09301096427818,2.5795477428926845
2024-02-10,98.55260419492272,2.182013706682383
2024-02-10,82.475580855374,2.182013706682383
2024-02-11,46.025214801549595,2.7969086214426593
2024-02-12,97.68294178769057,2.3259732340621624
2024-02-13,79.62508167123158,2.692417372487977
2024-02-13,82.8120298708558,2.692417372487977
2024-02-13,85.85947248992501,2.692417372487977
2024-02-14,10.430463942403648,3.0622726847104227
2024-02-14,33.60910960352477,3.0622726847104227
2024-02-15,33.76231419415419,1.4647614659906731
2024-02-15,41.19657697497803,1.4647614659906731
2024-02-16,68.54050749995592,2.919670413277273
2024-02-16,13.166627634109576,2.919670413277273
2024-02-17,4.02668195351195,2.0783791062328305
2024-02-17,52.9535274055344,2.0783791062328305
2024-02-17,11.225112899695493,2.0783791062328305
2024-02-17,67.1672585454571,2.0783791062328305
2024-02-18,75.21544472814108,2.9186397900296273
2024-02-18,75.00184925319189,2.9186397900296273
2024-02-18,25.903125359815217,2.9186397900296273
2024-02-18,42.54700823705331,2.9186397900296273
2024-02-19,61.49669418917484,3.055198555991911
2024-02-19,29.704445598913978,3.055198555991911
2024-02-20,49.16038433637709,2.3562199419792913
2024-02-20,60.46658506540779,2.3562199419792913
2024-02-21,79.6516389719507,1.490569063691434
2024-02-22,95.31492658800656,2.3495586937005597
2024-02-22,90.01800017449605,2.3495586937005597
2024-02-22,83.37738114743804,2.3495586937005597
2024-02-22,37.46113623825038,2.3495586937005597
2024-02-23,45.35653150167208,1.9834602586427106
2024-02-23,91.35207808993856,1.9834602586427106
2024-02-23,98.82336076220646,1.9834602586427106
2024-02-23,47.46562974344904,1.9834602586427106
2024-02-24,6.483836874140492,2.1331599987347225
2024-02-24,41.10358745025051,2.1331599987347225
2024-02-24,94.70605254335194,2.1331599987347225
2024-02-24,96.80235037980044,2.1331599987347225
2024-02-25,14.955190216912134,2.676555430888429
2024-02-25,93.0829838173344,2.676555430888429
2024-02-25,6.591065455146705,2.676555430888429
2024-02-25,36.378876270369105,2.676555430888429
2024-02-26,51.12034457760457,2.4431724107570925
2024-02-26,69.67993899870584,2.4431724107570925
2024-02-26,93.49639797875449,2.4431724107570925
2024-02-27,4.439608133309991,1.4630317789724248
2024-02-28,66.6745269030436,3.2287986371933144
2024-02-28,30.91540989642356,3.2287986371933144
2024-02-28,38.60544788749512,3.2287986371933144
2024-02-28,73.60265965006828,3.2287986371933144
2024-02-29,73.98876909043828,2.957141763862496
2024-02-29,80.98502590505451,2.957141763862496
2024-02-29,64.31881517862291,2.957141763862496
2024-03-01,43.584276593388935,2.119247361341574
2024-03-02,85.94075918509625,1.8175143729700767
2024-03-03,84.61287844816331,2.2919205885430314
2024-03-04,25.816938590096466,2.335965695953558
2024-03-04,94.55557253481815,2.335965695953558
2024-03-05,71.51321036703823,2.722812873189852
2024-03-06,98.03083892308698,2.6414586444282957
2024-03-06,90.52861509960394,2.6414586444282957
2024-03-06,95.38176917465381,2.6414586444282957
2024-03-06,68.69897512306937,2.6414586444282957
2024-03-07,66.3987819898556,2.906874413570204
2024-03-08,62.24182138453108,1.9139226222020391
2024-03-09,81.09698850160399,2.249218490791505
2024-03-09,22.981648683594774,2.249218490791505
2024-03-09,93.54833042540722,2.249218490791505
2024-03-09,13.001153557049905,2.249218490791505
2024-03-10,99.38177358010549,1.6325527508729576
2024-03-11,18.320641133783983,2.2005807893700897
2024-03-11,52.514260677858296,2.2005807893700897
2024-03-11,60.139336640113925,2.2005807893700897
2024-03-12,38.84540236680761,2.2157884888136286
2024-03-12,2.5586213781793137,2.2157884888136286
2024-03-13,60.79591512961622,1.9782186302327838
2024-03-13,90.6558929241233,1.9782186302327838
2024-03-13,96.2459401776933,1.9782186302327838
2024-03-13,87.56176255405438,1.9782186302327838
2024-03-14,87.30372931250649,2.0523667719546577
2024-03-14,65.21819262526937,2.0523667719546577
2024-03-14,33.69184123424796,2.0523667719546577
2024-03-14,16.428006712871177,2.0523667719546577
2024-03-15,8.53902552511339,2.367965103828682
2024-03-15,84.42660353504277,2.367965103828682
2024-03-15,83.70969259285576,2.367965103828682
2024-03-16,86.59187563339498,2.4593665193882366
2024-03-16,97.32007116326528,2.4593665193882366
2024-03-17,56.95286579247643,2.395916103769528
2024-03-17,31.783190495393175,2.395916103769528
2024-03-18,51.189752954699806,3.078761334484918
2024-03-19,29.07589820671713,2.4573994052780854
2024-03-20,78.57040321330375,2.1336876944915284
2024-03-20,55.8475139766171,2.1336876944915284
2024-03-21,35.76176879829272,2.3436851037593747
2024-03-22,54.25816963486714,3.003903413015719
2024-03-22,98.85147752768188,3.003903413015719
2024-03-23,48.92033871835012,1.6328132090737295
2024-03-24,57.380491117517046,2.289076772914548
2024-03-24,54.322599774065836,2.289076772914548
2024-03-24,56.67915890122107,2.289076772914548
2024-03-25,97.65799999972523,3.24851594325355
2024-03-26,87.74307354830688,3.28562141193661
2024-03-26,88.18330188862514,3.28562141193661
2024-03-27,78.02435419120285,2.8518182465247115
2024-03-27,89.07596569917261,2.8518182465247115
2024-03-28,97.50596635173075,1.881818677615938
2024-03-28,72.32202704344478,1.881818677615938
2024-03-28,43.058740652511034,1.881818677615938
2024-03-28,35.69401551649189,1.881818677615938
2024-03-29,85.2311104425612,1.8290209120187522
2024-03-29,30.89666282051644,1.8290209120187522
2024-03-29,54.439208864166886,1.8290209120187522
2024-03-29,73.76639808213301,1.8290209120187522
2024-03-30,45.57266907007681,1.3882552216897934
2024-03-31,20.10878551997962,1.984181520174304
2024-03-31,94.14123052160572,1.984181520174304
2024-03-31,42.65125914276497,1.984181520174304
2024-03-31,72.79353848691291,1.984181520174304
2024-04-01,28.122084742313607,1.792971472507458
2024-04-01,2.2819312926908664,1.792971472507458
2024-04-01,11.76044575933589,1.792971472507458
2024-04-02,6.8760914469409595,2.2093497240519504
2024-04-02,28.18819918125444,2.2093497240519504
2024-04-02,61.40718054726029,2.2093497240519504
2024-04-02,24.47451545321874,2.2093497240519504
2024-04-03,39.05803777960673,2.4324695287039635
2024-04-03,79.73036148651055,2.4324695287039635
2024-04-03,77.59236930812986,2.4324695287039635
2024-04-03,78.54783582866727,2.4324695287039635
2024-04-04,42.903174028220384,1.60065753748157
2024-04-04,39.21871459376684,1.60065753748157
2024-04-04,44.02924242814822,1.60065753748157
2024-04-04,96.47039598766412,1.60065753748157
2024-04-05,81.65500987214511,1.5861079716401962
2024-04-05,97.90372535142225,1.5861079716401962
2024-04-05,87.38218646769633,1.5861079716401962
2024-04-05,49.49181022703525,1.5861079716401962
2024-04-06,52.60469388303103,1.661492561211303
2024-04-06,32.22265148568769,1.661492561211303
2024-04-06,51.41440873725795,1.661492561211303
2024-04-07,70.62796737958325,2.8064105689067964
2024-04-07,77.20016170383205,2.8064105689067964
2024-04-07,62.07099853349254,2.8064105689067964
2024-04-07,62.88987814149846,2.8064105689067964
2024-04-08,15.46709421907642,3.0433900074646583
2024-04-08,48.14704959920192,3.0433900074646583
2024-04-09,63.09180381874789,3.3095326830237086
2024-04-09,58.51033060407223,3.3095326830237086
2024-04-09,25.728601489273828,3.3095326830237086
2024-04-10,40.24951990047978,2.131288282197546
2024-04-10,32.15546430340429,2.131288282197546
2024-04-11,84.6540417190312,1.6195671376614067
2024-04-11,25.885913981493257,1.6195671376614067
2024-04-12,66.83081145342828,2.193180044610826
2024-04-12,77.84334843471952,2.193180044610826
2024-04-12,93.69335565109034,2.193180044610826
2024-04-12,79.02776267040174,2.193180044610826
2024-04-13,83.3370405995841,2.2909366228462336
2024-04-13,10.90911332137655,2.2909366228462336
2024-04-14,18.130367042702353,2.6103249661674326
2024-04-14,85.7723141370826,2.6103249661674326
2024-04-14,23.779588248712493,2.6103249661674326
2024-04-14,95.16977954514552,2.6103249661674326
2024-04-15,18.05639171538339,2.6852095281052737
2024-04-15,10.29713714436193,2.6852095281052737
2024-04-15,75.50937806897105,2.6852095281052737
2024-04-16,9.2123182669206,2.0883255455529177
2024-04-17,12.163091196941368,2.4397403874419172
2024-04-18,69.06327843790943,1.5482263543767165
2024-04-19,52.63647153982581,2.1212148174892453
2024-04-20,37.155568923328374,2.195349087423647
2024-04-20,21.91098156302188,2.195349087423647
2024-04-20,10.354313388603407,2.195349087423647
2024-04-20,68.734339641187,2.195349087423647
2024-04-21,13.616240107043817,1.8370042087245368
2024-04-21,72.67030320666541,1.8370042087245368
2024-04-22,7.586426186848464,2.0443719519151387
2024-04-22,89.29757734786558,2.0443719519151387
2024-04-22,74.01739855608243,2.0443719519151387
2024-04-23,76.99399540296689,2.8274326229006244
2024-04-23,79.32565345181213,2.8274326229006244
2024-04-23,90.00050823887366,2.8274326229006244
2024-04-23,9.22767284136614,2.8274326229006244
2024-04-24,45.589623723979166,2.0725793725304302
2024-04-24,42.55862839200994,2.0725793725304302
2024-04-24,60.817304536180494,2.0725793725304302
2024-04-25,71.30169913533366,1.80734550868955
2024-04-26,71.0173411758671,2.593840139916372
2024-04-26,16.111418005067815,2.593840139916372
2024-04-26,65.63282572990605,2.593840139916372
2024-04-27,27.064151886382454,2.9011014787179628
2024-04-27,88.29565157349774,2.9011014787179628
2024-04-27,74.72385296846072,2.9011014787179628
2024-04-27,68.64057528311679,2.9011014787179628
2024-04-28,28.612593410657052,3.214756294699822
2024-04-28,70.42897401456794,3.214756294699822
2024-04-29,6.571031657892046,2.715862918003254
2024-04-29,37.03794525704327,2.715862918003254
2024-04-29,46.270691336286355,2.715862918003254
2024-04-30,93.95046335269623,2.4771954464407098
2024-05-01,88.94250826597137,2.659114237393931
2024-05-02,8.350722279350922,2.2326164205942725
2024-05-03,53.88562964789426,2.755968124689758
2024-05-03,91.12222367234907,2.755968124689758
2024-05-04,10.62920333034455,2.9765313248227665
2024-05-04,72.80211604669415,2.9765313248227665
2024-05-05,2.184582460124007,1.975041769105716
2024-05-05,28.297914241085532,1.975041769105716
2024-05-05,20.716598612068907,1.975041769105716
2024-05-05,43.168915575922654,1.975041769105716
2024-05-06,22.17446695751824,2.7247745550228903
2024-05-06,15.605111878803276,2.7247745550228903
2024-05-06,93.9499388313568,2.7247745550228903
2024-05-07,22.072447830994637,1.804829329492969
2024-05-07,10.08597489392206,1.804829329492969
2024-05-07,75.57014851423921,1.804829329492969
2024-05-08,34.441360131539845,1.3622737850864068
2024-05-08,27.992217272583897,1.3622737850864068
2024-05-09,4.492017582764556,2.241230640311779
2024-05-09,24.59828652113138,2.241230640311779
2024-05-10,33.71471640437155,1.8090841330480387
2024-05-10,23.06204495858342,1.8090841330480387
2024-05-10,67.4221231853709,1.8090841330480387
2024-05-11,63.48819088060201,3.1411152008897893
2024-05-11,27.861032597443078,3.1411152008897893
2024-05-11,5.18027820649869,3.1411152008897893
2024-05-12,43.68184457102013,3.0048867607587884
2024-05-12,83.60443301333275,3.0048867607587884
2024-05-13,98.78280017177929,1.7265598117262773
2024-05-13,77.82855419524164,1.7265598117262773
2024-05-13,44.70165411951572,1.7265598117262773
2024-05-14,42.92144979315258,2.108307939425769
2024-05-14,14.78966939439004,2.108307939425769
2024-05-14,72.31300508398922,2.108307939425769
2024-05-15,9.32972826878243,2.1605019738736955
2024-05-15,43.61013756821229,2.1605019738736955
2024-05-16,80.27806722496767,3.107584036100302
2024-05-16,72.70272760454172,3.107584036100302
2024-05-17,4.962234982215069,2.1305966061017636
2024-05-17,31.797765657159022,2.1305966061017636
2024-05-17,30.998928252627206,2.1305966061017636
2024-05-18,79.05942275665718,2.9694249011634346
2024-05-19,37.483930732794576,1.9991589531635563
2024-05-19,81.70285581001377,1.9991589531635563
2024-05-20,44.55114481570603,3.2436287887729023
2024-05-21,15.36283706668666,2.763660097409545
2024-05-21,52.36090293191506,2.763660097409545
2024-05-21,51.5518437241884,2.763660097409545
2024-05-21,17.659791368896983,2.763660097409545
2024-05-22,98.34540376198609,1.3798030672078574
2024-05-23,70.236821103001,1.4676817934721007
2024-05-24,81.23447793311955,2.9363226875528365
2024-05-24,58.12104691597917,2.9363226875528365
2024-05-24,32.91985855898959,2.9363226875528365
2024-05-24,25.54928331314494,2.9363226875528365
2024-05-25,94.63681005446979,1.5868862292562342
2024-05-25,75.12629209461893,1.5868862292562342
2024-05-25,97.4809368267066,1.5868862292562342
2024-05-25,10.366258770604789,1.5868862292562342
2024-05-26,95.82371379208276,1.641297268241122
2024-05-26,31.962920538523264,1.641297268241122
2024-05-26,64.09027066729307,1.641297268241122
2024-05-26,42.22607984306371,1.641297268241122
2024-05-27,87.49333284111505,1.4312593552733774
2024-05-27,93.41721031172143,1.4312593552733774
2024-05-27,15.555332139966099,1.4312593552733774
2024-05-28,42.61128927711175,3.2826997795607866
2024-05-28,55.05767318912273,3.2826997795607866
2024-05-28,86.75856652463807,3.2826997795607866
2024-05-29,97.48491114723849,3.301443366839899
2024-05-29,48.06747674880506,3.301443366839899
2024-05-29,19.937016870010257,3.301443366839899
2024-05-30,17.209569750176,2.7137567234104685
2024-05-30,60.13934556919735,2.7137567234104685
2024-05-31,77.48285289853527,1.530679600789945
2024-06-01,38.65743694432473,1.3716220632260276
2024-06-02,56.930313285570506,1.9261980933844765
2024-06-02,89.19249138464133,1.9261980933844765
2024-06-02,5.859512618731333,1.9261980933844765
2024-06-03,8.063052371671834,3.3057005258465124
2024-06-03,74.68796680464135,3.3057005258465124
2024-06-03,94.84725002065788,3.3057005258465124
2024-06-04,1.670530010326496,3.227387660830424
2024-06-04,93.86480678702866,3.227387660830424
2024-06-05,80.70534742522031,1.6320510899283283
2024-06-05,32.97896489824656,1.6320510899283283
2024-06-05,19.223266800947687,1.6320510899283283
2024-06-06,90.46471633264649,2.776411561654333
2024-06-07,47.094378097705516,1.5826514814682926
2024-06-07,50.10008494905731,1.5826514814682926
2024-06-08,80.36082481207008,2.2992322384894734
2024-06-08,14.46552588123168,2.2992322384894734
2024-06-08,76.7264810605012,2.2992322384894734
2024-06-09,20.691463182279218,2.98857497939812
2024-06-09,60.7383927733592,2.98857497939812
2024-06-09,88.64334952885511,2.98857497939812
2024-06-10,99.74519195194218,2.026104082376832
2024-06-10,40.103040135866024,2.026104082376832
2024-06-10,89.92162527911138,2.026104082376832
2024-06-10,51.14087159608134,2.026104082376832
2024-06-11,18.98973429674972,1.355988991077852
2024-06-11,95.50397436120387,1.355988991077852
2024-06-12,87.14110447450781,2.5026351187651827
2024-06-12,61.9985540419007,2.5026351187651827
2024-06-13,28.547593757067915,3.035584943883262
2024-06-13,43.05317011146352,3.035584943883262
2024-06-14,83.08055490858908,2.3697815602390646
2024-06-14,4.12870107003525,2.3697815602390646
2024-06-14,19.60052654840303,2.3697815602390646
2024-06-14,94.75355046448709,2.3697815602390646
2024-06-15,30.066179863982754,1.408665160974022
2024-06-15,85.62602935557712,1.408665160974022
2024-06-15,47.74989506651586,1.408665160974022
2024-06-15,13.243542555100614,1.408665160974022
2024-06-16,39.76785223978954,2.7606782918029547
2024-06-16,30.127757646288657,2.7606782918029547
2024-06-17,92.0778586945281,2.148378493849535
2024-06-17,81.2795679758936,2.148378493849535
2024-06-18,19.27332025325239,1.3735232345541395
2024-06-18,93.9396114679452,1.3735232345541395
2024-06-18,36.764910452760596,1.3735232345541395
2024-06-19,62.23252006617001,2.326155402238552
2024-06-19,39.31062761242115,2.326155402238552
2024-06-19,41.955072765501164,2.326155402238552
2024-06-19,67.37374211328401,2.326155402238552
2024-06-20,58.183961057582124,2.3316968425308273
2024-06-20,45.727909316324144,2.3316968425308273
2024-06-21,35.7743082311948,3.26352539843481
2024-06-21,22.066882092399368,3.26352539843481
2024-06-21,12.052229469968546,3.26352539843481
2024-06-21,78.87079090252075,3.26352539843481
2024-06-22,16.119101540551593,2.1567857780398905
2024-06-22,52.357888778254456,2.1567857780398905
2024-06-22,36.669261330718804,2.1567857780398905
2024-06-22,32.7215911420579,2.1567857780398905
2024-06-23,46.72834024806131,3.2229250653766446
2024-06-23,52.90229787499072,3.2229250653766446
2024-06-23,98.86441278359511,3.2229250653766446
2024-06-24,67.55565332787327,1.9465560259737946
2024-06-24,22.852390016253725,1.9465560259737946
2024-06-24,8.878684027337446,1.9465560259737946
2024-06-25,79.9641535631319,3.2322877791410463
2024-06-25,93.93135045943703,3.2322877791410463
2024-06-26,14.817255571274783,1.6308093253935612
2024-06-26,49.25324143259534,1.6308093253935612
2024-06-26,99.56047057348252,1.6308093253935612
2024-06-27,70.99665853797084,2.148134873605216
2024-06-27,33.12608720044966,2.148134873605216
2024-06-28,42.406200403652925,2.379765927311416
2024-06-28,9.899597088538354,2.379765927311416
2024-06-29,21.208049292709994,2.279905529537274
2024-06-30,76.7328756154695,1.661764844352197
2024-06-30,4.853428046786308,1.661764844352197
2024-07-01,30.906294107876743,2.3928383542722953
2024-07-02,50.59373598937117,2.347731161109878
2024-07-02,94.10330181939673,2.347731161109878
2024-07-02,22.293907478221413,2.347731161109878
2024-07-03,89.21765940985469,2.4711983532946737
2024-07-04,16.334218598736634,1.6888011100660327
2024-07-04,60.915875938400546,1.6888011100660327
2024-07-05,80.95198103862249,1.631480296333845
2024-07-05,85.80619322915744,1.631480296333845
2024-07-05,21.305109794135547,1.631480296333845
2024-07-05,7.154539518922304,1.631480296333845
2024-07-06,25.106375450623382,1.4108666201831517
2024-07-06,16.278190228030134,1.4108666201831517
2024-07-06,22.16425960135159,1.4108666201831517
2024-07-06,4.340678498070574,1.4108666201831517
2024-07-07,24.87132392621173,2.3551810948849807
2024-07-07,21.791229451012292,2.3551810948849807
2024-07-07,45.855448766165196,2.3551810948849807
2024-07-08,77.63622156939697,2.9125348948574805
2024-07-08,32.238797195942595,2.9125348948574805
2024-07-08,85.46430220110156,2.9125348948574805
2024-07-09,44.27044381787758,2.174322247984788
2024-07-09,61.67650263393726,2.174322247984788
2024-07-09,30.042024113512408,2.174322247984788
2024-07-10,12.267542097089049,1.4946295159290113
2024-07-10,40.89045717841219,1.4946295159290113
2024-07-10,70.78224752451762,1.4946295159290113
2024-07-10,55.25980858188412,1.4946295159290113
2024-07-11,39.179109658215225,3.208034183713138
2024-07-11,86.59495343601009,3.208034183713138
2024-07-11,90.87893324317605,3.208034183713138
2024-07-11,10.188396154912919,3.208034183713138
2024-07-12,53.47666314242629,3.086222173056419
2024-07-12,15.805884595515955,3.086222173056419
2024-07-12,34.50071353830917,3.086222173056419
2024-07-12,36.13675515900834,3.086222173056419
2024-07-13,75.95160024388709,2.9638334189129116
2024-07-13,50.93222663959091,2.9638334189129116
2024-07-13,21.510183822337723,2.9638334189129116
2024-07-14,7.8567802980676085,1.5162147836446065
2024-07-14,78.8243015830028,1.5162147836446065
2024-07-14,7.877007876298864,1.5162147836446065
2024-07-15,56.78101525262134,2.664459045358295
2024-07-15,54.90947987204433,2.664459045358295
2024-07-15,39.296187511465895,2.664459045358295
2024-07-16,67.24604366744497,2.711636327331998
2024-07-16,60.13164647041071,2.711636327331998
2024-07-16,3.8802678444068492,2.711636327331998
2024-07-17,98.04790713673572,3.288895549656689
2024-07-17,93.9767219565246,3.288895549656689
2024-07-18,24.191320465769525,2.9441870208829806
2024-07-18,95.39017123088982,2.9441870208829806
2024-07-19,45.430925972552714,2.7811325867702212
2024-07-19,71.32557537214936,2.7811325867702212
2024-07-19,24.055899646548678,2.7811325867702212
2024-07-20,20.276892151731282,3.2345894325539843
2024-07-20,33.690534094565805,3.2345894325539843
2024-07-21,55.3643047307915,3.058176434422737
2024-07-21,42.7025472532943,3.058176434422737
2024-07-21,64.65553834477703,3.058176434422737
2024-07-21,74.91849909385215,3.058176434422737
2024-07-22,51.28495469768707,3.232348966767113
2024-07-22,75.21674472957935,3.232348966767113
2024-07-23,17.84245483735756,1.5517083383280692
2024-07-23,90.07679908448586,1.5517083383280692
2024-07-24,68.51057534494653,2.5697243348243903
2024-07-25,99.25613321859909,1.7994605446274166
2024-07-25,71.96950512142054,1.7994605446274166
2024-07-26,82.99492915248078,1.3948354159938328
2024-07-27,26.674473803694145,2.5469417114156325
2024-07-27,74.63341484925564,2.5469417114156325
2024-07-27,72.65197474768961,2.5469417114156325
2024-07-28,30.88251938455157,3.020880263298018
2024-07-28,53.04450087509462,3.020880263298018
2024-07-28,61.71322856374561,3.020880263298018
2024-07-29,88.51773241285083,2.5469644496458628
2024-07-29,85.68502363865987,2.5469644496458628
2024-07-29,35.26028278327824,2.5469644496458628
2024-07-29,32.2435888758012,2.5469644496458628
2024-07-30,42.243133383574715,2.345478015812547
2024-07-30,55.575956979739466,2.345478015812547
2024-07-31,12.768293586477673,1.641950814700857
2024-07-31,56.66083208698016,1.641950814700857
2024-07-31,74.40783450209452,1.641950814700857
2024-07-31,50.48419976247433,1.641950814700857
2024-08-01,39.95913196395905,2.72136422832304
2024-08-02,9.46217081607635,1.3985099641624552
2024-08-03,60.613098062586836,2.684015086583797
2024-08-03,7.955807250264311,2.684015086583797
2024-08-03,51.03012875940966,2.684015086583797
2024-08-03,56.54451988313026,2.684015086583797
2024-08-04,4.344125995428403,1.9197706748429475
2024-08-04,23.87474743310517,1.9197706748429475
2024-08-05,88.51889671354695,3.1953551104529394
2024-08-06,54.00384834796526,3.229814451202971
2024-08-07,48.75312518340556,2.3274815570868945
2024-08-07,75.83575871417828,2.3274815570868945
2024-08-07,12.661821414280093,2.3274815570868945
2024-08-08,26.10854753002989,2.46684460748625
2024-08-08,92.26763611610717,2.46684460748625
2024-08-09,24.2872840114383,1.5093511101920534
2024-08-09,13.266465051320086,1.5093511101920534
2024-08-09,65.08738041685095,1.5093511101920534
2024-08-09,27.684516673571014,1.5093511101920534
2024-08-10,72.70924646990487,1.713350190003949
2024-08-11,15.799480398822814,2.433105499670099
2024-08-11,69.0581641907934,2.433105499670099
2024-08-11,67.2564965779469,2.433105499670099
2024-08-11,53.05700772853595,2.433105499670099
2024-08-12,55.65102698039888,1.5851520939076513
2024-08-13,10.13936655954236,1.407558814763544
2024-08-13,51.75513687530221,1.407558814763544
2024-08-13,58.87588971181223,1.407558814763544
2024-08-14,81.53397981111331,3.256153965186586
2024-08-14,42.082830917278145,3.256153965186586
2024-08-15,34.420220362073515,1.702009251681221
2024-08-15,92.75107622789189,1.702009251681221
2024-08-15,3.022327177844322,1.702009251681221
2024-08-16,42.73178383675016,1.5532372518392257
2024-08-16,35.64852375872358,1.5532372518392257
2024-08-17,4.8484503704917845,1.9895938442763001
2024-08-18,55.71881425842369,3.095301459752342
2024-08-18,50.749002658754016,3.095301459752342
2024-08-19,80.55562616260144,1.898078319287717
2024-08-20,27.012343443277818,2.9673142296128043
2024-08-21,88.48429108674677,2.934082961615996
2024-08-22,32.12276387333713,2.5574994664688155
2024-08-23,60.899689231558156,2.1835684009870038
2024-08-23,13.900811645214585,2.1835684009870038
2024-08-24,1.109614098348724,2.3515240628325937
2024-08-24,15.5871714293283,2.3515240628325937
2024-08-24,74.35459147456002,2.3515240628325937
2024-08-24,90.66353862947456,2.3515240628325937
2024-08-25,91.93272136333634,1.9203178792592563
2024-08-26,73.3728128775723,2.7498052261201256
2024-08-26,94.28871384769775,2.7498052261201256
2024-08-26,18.05967474476035,2.7498052261201256
2024-08-26,44.12657367192965,2.7498052261201256
2024-08-27,11.423325573279948,1.830339311148583
2024-08-27,68.42167212937633,1.830339311148583
2024-08-27,82.39108629060888,1.830339311148583
2024-08-27,55.039908758481914,1.830339311148583
2024-08-28,7.861571805548561,2.987661948376148
2024-08-28,17.232338740288082,2.987661948376148
2024-08-28,38.738286113529405,2.987661948376148
2024-08-28,82.66245217477852,2.987661948376148
2024-08-29,83.76174137455713,2.0126871084592515
2024-08-30,91.47234918685245,2.545249110556998
2024-08-30,71.58347630885929,2.545249110556998
2024-08-30,34.044455597980175,2.545249110556998
2024-08-30,82.4186555997652,2.545249110556998
2024-08-31,22.721541222333748,2.11072309431622
2024-08-31,91.73840869023527,2.11072309431622
2024-08-31,76.45625840703931,2.11072309431622
2024-09-01,13.988859830359395,2.7981429293072613
2024-09-01,8.551871192887262,2.7981429293072613
2024-09-01,97.33595294876868,2.7981429293072613
2024-09-02,82.05527757733881,1.9107132619477358
2024-09-03,17.024906894705133,2.0691618792219635
2024-09-03,86.31467890645706,2.0691618792219635
2024-09-03,35.92077291384303,2.0691618792219635
2024-09-03,94.32045196222764,2.0691618792219635
2024-09-04,84.10698623373813,2.8090542202933437
2024-09-04,15.781295019219696,2.8090542202933437
2024-09-04,86.7309623266289,2.8090542202933437
2024-09-04,83.96828792133228,2.8090542202933437
2024-09-05,74.56824823683763,2.711471643436851
2024-09-06,55.896852409602516,1.6082104511501105
2024-09-06,85.32747688681741,1.6082104511501105
2024-09-06,4.446608753461843,1.6082104511501105
2024-09-07,5.471224945216589,1.5395351074850192
2024-09-07,34.31262966955574,1.5395351074850192
2024-09-07,86.79145693831889,1.5395351074850192
2024-09-08,15.80333459890931,2.816511966710778
2024-09-08,91.24368226021139,2.816511966710778
2024-09-08,17.84328371075829,2.816511966710778
2024-09-08,8.805763644039885,2.816511966710778
2024-09-09,92.8489529399819,2.481708022030702
2024-09-10,79.3312442156706,2.7862635877748483
2024-09-10,19.196633479490266,2.7862635877748483
2024-09-10,34.384521269315535,2.7862635877748483
2024-09-11,1.120623188378562,2.112903935653887
2024-09-11,32.49134363202802,2.112903935653887
2024-09-12,39.114880024220966,1.7472797940848417
2024-09-12,47.252634837830115,1.7472797940848417
2024-09-12,45.63868345927642,1.7472797940848417
2024-09-13,44.05816816093701,3.0607974449635105
2024-09-13,52.182855349241315,3.0607974449635105
2024-09-14,45.736322129722964,2.572504516226986
2024-09-14,94.63668303676077,2.572504516226986
2024-09-14,99.02885748291224,2.572504516226986
2024-09-14,25.323042105889506,2.572504516226986
2024-09-15,19.662824113805364,2.4947608761688143
2024-09-15,95.99192690054846,2.4947608761688143
2024-09-16,25.121045082215474,1.7121309675952792
2024-09-16,16.226975161693183,1.7121309675952792
2024-09-16,33.64170308348103,1.7121309675952792
2024-09-17,90.09512833343123,3.167568009265734
2024-09-17,51.28623589323861,3.167568009265734
2024-09-18,86.36962031770103,1.9740922523570754
2024-09-18,46.8801174498955,1.9740922523570754
2024-09-19,86.52312127040139,2.8108476811136187
2024-09-19,79.94984346033237,2.8108476811136187
2024-09-19,46.51857013123049,2.8108476811136187
2024-09-19,61.538324640033345,2.8108476811136187
2024-09-20,23.768306805654976,2.0549970800302173
2024-09-20,24.412962833392914,2.0549970800302173
2024-09-20,86.83441734468144,2.0549970800302173
2024-09-21,83.68661345582619,2.8775389374158076
2024-09-22,29.006447988785943,2.2380224898914634
2024-09-22,72.88501192225294,2.2380224898914634
2024-09-22,33.99710848982512,2.2380224898914634
2024-09-23,60.87802343452981,2.9541399301006175
2024-09-24,41.53095155102335,3.140757342975668
2024-09-25,90.4112862788355,2.7813505651493653
2024-09-25,63.73047987382453,2.7813505651493653
2024-09-25,28.630190976707606,2.7813505651493653
2024-09-25,72.01380792521795,2.7813505651493653
2024-09-26,43.162314119065925,2.88068743102907
2024-09-26,2.2474255241063767,2.88068743102907
2024-09-27,71.24398911997312,3.007980667501376
2024-09-28,68.84991506741217,2.6521404572727
2024-09-29,10.86214547857111,1.9959072596032168
2024-09-30,49.62468403748053,1.7444094732611388
2024-09-30,23.29888134759475,1.7444094732611388
2024-10-01,9.22262454775176,1.4418052347975656
2024-10-02,82.18067686486893,1.9340667248775132
2024-10-02,74.23563678230425,1.9340667248775132
2024-10-02,82.31401343008515,1.9340667248775132
2024-10-03,64.12699040365598,2.0240877668944752
2024-10-03,36.012596278132555,2.0240877668944752
2024-10-04,36.77845872417057,1.385199216766299
2024-10-04,18.737458111332494,1.385199216766299
2024-10-05,35.72623790866263,2.9337863177195342
2024-10-05,88.31071437775708,2.9337863177195342
2024-10-05,43.447839393960656,2.9337863177195342
2024-10-05,49.706274539188165,2.9337863177195342
2024-10-06,26.376808890655724,1.7956156605239706
2024-10-06,39.631814397937816,1.7956156605239706
2024-10-06,72.9032981008151,1.7956156605239706
2024-10-06,51.37114955315082,1.7956156605239706
2024-10-07,49.054080391199925,2.826305669537402
2024-10-07,68.54234919274917,2.826305669537402
2024-10-07,57.50628327290657,2.826305669537402
2024-10-07,15.147852571233889,2.826305669537402
2024-10-08,48.81397752980212,2.677740654544471
2024-10-08,22.56078981975636,2.677740654544471
2024-10-09,94.98473532648379,2.6389794855167494
2024-10-10,45.21878703094566,2.5241466559311645
2024-10-10,18.013019968771346,2.5241466559311645
2024-10-10,88.1635065976173,2.5241466559311645
2024-10-11,76.93807459554593,2.9561653218006625
2024-10-11,79.56567612628669,2.9561653218006625
2024-10-11,31.76362631896839,2.9561653218006625
2024-10-12,29.033279964903063,2.4128739052622694
2024-10-13,50.372998845013,1.95293987116926
2024-10-13,98.19642717133357,1.95293987116926
2024-10-14,40.34042645647605,3.082755340868648
2024-10-14,67.06299810784704,3.082755340868648
2024-10-14,1.9684398195909418,3.082755340868648
2024-10-14,24.03734427940479,3.082755340868648
2024-10-15,26.134724455972734,2.385842251350272
2024-10-15,82.74208046784385,2.385842251350272
2024-10-15,56.418054364846576,2.385842251350272
2024-10-15,95.68012630828323,2.385842251350272
2024-10-16,95.67527172600008,2.1056591151410844
2024-10-16,33.415276310184545,2.1056591151410844
2024-10-16,40.22290623754744,2.1056591151410844
2024-10-16,7.2311126333633124,2.1056591151410844
2024-10-17,40.98799677905658,3.226903024710322
2024-10-17,38.22232529905384,3.226903024710322
2024-10-18,73.26800438857869,3.026538100495857
2024-10-19,70.52844439911179,2.7059695972222864
2024-10-19,22.185631052743467,2.7059695972222864
2024-10-19,96.20570039453145,2.7059695972222864
2024-10-19,21.54593202467946,2.7059695972222864
2024-10-20,44.22642472435377,2.578732465581057
2024-10-21,10.315317497708493,1.748148370520364
2024-10-22,9.500525524679167,3.2881265614990953
2024-10-23,81.52381125145486,3.1725009762727874
2024-10-24,74.39503318243538,1.947259129649618
2024-10-24,94.17011630206679,1.947259129649618
2024-10-24,65.4881905328117,1.947259129649618
2024-10-24,64.08066805460604,1.947259129649618
2024-10-25,28.55692241889395,2.0370152169233773
2024-10-25,80.90929248848543,2.0370152169233773
2024-10-25,72.3998242682327,2.0370152169233773
2024-10-25,1.3871574306918342,2.0370152169233773
2024-10-26,93.19756451632814,2.8887520832334044
2024-10-26,17.81781317302675,2.8887520832334044
2024-10-26,7.603450031121987,2.8887520832334044
2024-10-26,2.8351616572122285,2.8887520832334044
2024-10-27,4.068242988561178,2.578770558515132
2024-10-27,68.04772542416868,2.578770558515132
2024-10-28,70.81132031015133,1.4711467521059616
2024-10-29,61.88295026722698,2.303729003493709
2024-10-29,73.15655393284516,2.303729003493709
2024-10-30,8.604905514748559,2.7069860485674857
2024-10-31,13.253929756964846,2.8008370015691764
2024-11-01,98.61206362691364,2.8361560372546895
2024-11-01,95.90001343584235,2.8361560372546895
2024-11-01,49.00433545827621,2.8361560372546895
2024-11-01,76.07062226178682,2.8361560372546895
2024-11-02,39.02778348255748,1.4766680143364204
2024-11-03,65.38288363339292,3.203832227082369
2024-11-03,14.534233795114735,3.203832227082369
2024-11-03,44.46666601298906,3.203832227082369
2024-11-04,49.64780115498024,3.2699634679613356
2024-11-04,36.62395987443364,3.2699634679613356
2024-11-04,85.47217040960709,3.2699634679613356
2024-11-05,38.92580479947763,2.2805949421545355
2024-11-05,54.903846626056044,2.2805949421545355
2024-11-06,61.4535781336013,2.460824581221919
2024-11-06,90.06464440695844,2.460824581221919
2024-11-07,13.810746366026143,2.5172804046284485
2024-11-08,20.36932524604914,3.1047445344876623
2024-11-08,97.07980155371465,3.1047445344876623
2024-11-08,73.76187151238231,3.1047445344876623
2024-11-09,11.229243714063417,2.1743328216912117
2024-11-09,13.573941677358235,2.1743328216912117
2024-11-10,55.77101980940272,2.998542343985233
2024-11-10,82.77880054707303,2.998542343985233
2024-11-10,93.18054271662608,2.998542343985233
2024-11-10,49.298941421113334,2.998542343985233
2024-11-11,45.49367275763212,1.6961562697847001
2024-11-12,9.99806979441279,2.009228578777623
2024-11-12,6.390726500899428,2.009228578777623
2024-11-12,50.70594142469649,2.009228578777623
2024-11-13,51.216314303099594,1.3682489365566086
2024-11-14,94.68482244764122,2.5826068792817845
2024-11-14,52.26899262344499,2.5826068792817845
2024-11-14,88.91202046901006,2.5826068792817845
2024-11-14,10.08295288288001,2.5826068792817845
2024-11-15,53.484591196521954,3.077269404874012
2024-11-15,61.650446660680714,3.077269404874012
2024-11-15,48.1445997775981,3.077269404874012
2024-11-16,94.62139354658773,2.739950237063487
2024-11-16,31.025150912889963,2.739950237063487
2024-11-17,13.534948573621614,2.787958583477237
2024-11-17,92.83279837290306,2.787958583477237
2024-11-18,20.474490300826115,2.588963126386685
2024-11-18,47.901503912647286,2.588963126386685
2024-11-19,62.598852757047716,2.2580803077299487
2024-11-19,99.83489989451287,2.2580803077299487
2024-11-19,7.840197373451253,2.2580803077299487
2024-11-20,59.572385593446036,2.732234618668866
2024-11-20,10.655292339144431,2.732234618668866
2024-11-20,74.01259283124925,2.732234618668866
2024-11-21,59.55171378940079,2.191692455135508
2024-11-21,61.079469751117756,2.191692455135508
2024-11-21,7.5001188334375755,2.191692455135508
2024-11-22,38.0924958438022,2.03998690303551
2024-11-22,88.12549426256169,2.03998690303551
2024-11-22,64.34448400604086,2.03998690303551
2024-11-22,12.412171585853073,2.03998690303551
2024-11-23,22.8927836289364,1.515384584004226
2024-11-23,4.91305416583732,1.515384584004226
2024-11-23,16.423007804002516,1.515384584004226
2024-11-23,32.271967428852804,1.515384584004226
2024-11-24,33.89133904854742,3.034833019731429
2024-11-24,97.25191304686089,3.034833019731429
2024-11-24,84.65844936134555,3.034833019731429
2024-11-24,15.431639006933322,3.034833019731429
2024-11-25,99.83311230126978,2.297921137068295
2024-11-25,12.601031681203267,2.297921137068295
2024-11-25,71.54422833032281,2.297921137068295
2024-11-26,76.56049602655615,2.4673115710029476
2024-11-26,82.46349181293911,2.4673115710029476
2024-11-27,20.32800343308875,2.1447378715463294
2024-11-27,44.6895312237497,2.1447378715463294
2024-11-27,95.57404802177575,2.1447378715463294
2024-11-28,2.7292461864051116,3.1208815264571848
2024-11-29,8.622648049091536,2.7997748776835554
2024-11-29,20.04672880422494,2.7997748776835554
2024-11-30,94.95392312605595,2.999489764314318
2024-11-30,95.22253491999439,2.999489764314318
2024-11-30,25.153216848670475,2.999489764314318
2024-11-30,83.3607630612219,2.999489764314318
2024-12-01,65.4424365850983,2.4612745241414213
2024-12-01,97.14732894772834,2.4612745241414213
2024-12-01,30.623577815245483,2.4612745241414213
2024-12-02,65.47390898238669,3.142963770158727
2024-12-02,1.7534441965416891,3.142963770158727
2024-12-02,14.66099695612634,3.142963770158727
2024-12-03,59.588115576671704,3.0835209733959488
2024-12-03,48.25029662955101,3.0835209733959488
2024-12-03,74.12773796554136,3.0835209733959488
2024-12-03,3.3815511946324106,3.0835209733959488
2024-12-04,22.835199488687948,3.1766314297400187
2024-12-04,42.85558090136542,3.1766314297400187
2024-12-05,20.451818732034507,1.640919803912616
2024-12-05,9.653417621168128,1.640919803912616
2024-12-05,4.633264006886532,1.640919803912616
2024-12-06,46.61828806985556,1.9446450471453138
2024-12-06,30.489232447481005,1.9446450471453138
2024-12-06,58.356509799686094,1.9446450471453138
2024-12-06,40.255510675066816,1.9446450471453138
2024-12-07,7.810155414652191,2.081486821868002
2024-12-08,11.14609510627387,1.9377407726540299
2024-12-08,89.17915170998313,1.9377407726540299
2024-12-09,24.058214350824887,2.9733884832308917
2024-12-09,32.96297625783534,2.9733884832308917
2024-12-10,88.62493201338658,1.433272061970203
2024-12-10,80.2231319630042,1.433272061970203
2024-12-11,61.54161793891076,2.338572657554756
2024-12-12,95.42535931050978,3.206390279832278
2024-12-12,32.64550078869715,3.206390279832278
2024-12-13,9.972201736376963,1.6020611207662592
2024-12-13,72.37570632058174,1.6020611207662592
2024-12-13,16.623401202900567,1.6020611207662592
2024-12-13,7.955477556831475,1.6020611207662592
2024-12-14,92.71613274169742,1.7406002541402168
2024-12-14,20.985121272601948,1.7406002541402168
2024-12-15,31.319595386896285,1.3673969222844566
2024-12-15,79.60860716731858,1.3673969222844566
2024-12-15,19.61042070950146,1.3673969222844566
2024-12-16,75.2891373716228,2.2588308255955627
2024-12-16,55.05455352547579,2.2588308255955627
2024-12-17,48.031410227893055,1.3663985069532283
2024-12-17,7.657597826611493,1.3663985069532283
2024-12-17,8.107794777614028,1.3663985069532283
2024-12-18,92.63201086935807,1.8053421216019445
2024-12-18,79.0142815896094,1.8053421216019445
2024-12-19,2.4752585319447213,1.703709184013375
2024-12-19,72.79186507653452,1.703709184013375
2024-12-19,90.78078533200907,1.703709184013375
2024-12-19,15.156284501732555,1.703709184013375
2024-12-20,73.23814825078419,2.9170670464365385
2024-12-20,67.7108628381258,2.9170670464365385
2024-12-20,75.32026033537002,2.9170670464365385
2024-12-21,85.49913976077448,1.3543494297335676
2024-12-22,27.484752457008348,2.8037586093879687
2024-12-22,4.803163181446331,2.8037586093879687
2024-12-22,84.48124225411534,2.8037586093879687
2024-12-22,20.46987184063956,2.8037586093879687
2024-12-23,52.704583421461244,1.870683592588183
2024-12-23,49.88492681761879,1.870683592588183
2024-12-24,88.65836302448302,2.7140376279867944
2024-12-24,14.71047748509786,2.7140376279867944
2024-12-24,20.074628372979973,2.7140376279867944
2024-12-24,4.297812321838482,2.7140376279867944
2024-12-25,34.91204470504479,3.2648227758549426
2024-12-26,18.045796177648054,1.8427678559805942
2024-12-26,52.77136572072358,1.8427678559805942
2024-12-26,99.45446373841098,1.8427678559805942
2024-12-27,94.96695784788655,1.9397550325052617
2024-12-27,34.875667399135864,1.9397550325052617
2024-12-27,71.64322006088334,1.9397550325052617
2024-12-28,46.94437303792522,2.0948140720487602
2024-12-28,12.135653345457515,2.0948140720487602
2024-12-28,14.136279563520759,2.0948140720487602
2024-12-29,29.599838957483797,1.5119410713651846
2024-12-30,54.598125391111786,2.1721997152982198
2024-12-31,23.954099431912788,1.6462722294240395
2025-01-01,16.686484636017582,2.562260916470379
2025-01-01,63.66955144924008,2.562260916470379
2025-01-01,40.438216165282725,2.562260916470379
2025-01-02,68.77461167844766,2.5003604330241394
2025-01-02,43.55525879383204,2.5003604330241394
2025-01-03,20.088221765394803,2.8704034790284316
2025-01-03,74.35150370347397,2.8704034790284316
2025-01-04,36.09893793622136,1.946215675604388
2025-01-04,69.28659062857005,1.946215675604388
2025-01-04,69.05820918483948,1.946215675604388
2025-01-05,25.892047705103117,3.2951552115035874
2025-01-05,66.71258649687961,3.2951552115035874
2025-01-06,45.20947998467575,2.1359520828698173
2025-01-06,93.42707448668088,2.1359520828698173
2025-01-07,65.09424940605038,2.292359110809925
2025-01-07,27.725082438584426,2.292359110809925
2025-01-08,34.677837190966635,2.0622001515259565
2025-01-08,35.88924515505987,2.0622001515259565
2025-01-08,50.030557017280564,2.0622001515259565
2025-01-08,83.91011947281653,2.0622001515259565
2025-01-09,44.32068898209067,2.9031369539975405
2025-01-09,96.68511313727952,2.9031369539975405
2025-01-10,44.01736403334231,2.011027458645169
2025-01-10,29.3989695004384,2.011027458645169
2025-01-10,30.65833994986,2.011027458645169
2025-01-11,69.49518713093644,1.4779938488897735
2025-01-11,36.94125324730288,1.4779938488897735
2025-01-11,10.91250479756422,1.4779938488897735
2025-01-12,43.361898729101334,2.183735766017079
2025-01-12,89.56033084769008,2.183735766017079
2025-01-13,72.04227023640799,2.4967119813539824
2025-01-13,33.99541143326575,2.4967119813539824
2025-01-13,82.73756844367041,2.4967119813539824
2025-01-13,95.70730490322215,2.4967119813539824
2025-01-14,42.90399546042435,2.691468963031062
2025-01-14,38.19808401944924,2.691468963031062
2025-01-14,35.85336960684546,2.691468963031062
2025-01-15,86.08358274769913,1.4692371640073272
2025-01-15,97.67357555939432,1.4692371640073272
2025-01-15,38.21206255940377,1.4692371640073272
2025-01-16,80.47611960953915,3.0423210464473263
2025-01-16,27.395351096291122,3.0423210464473263
2025-01-16,81.79956823479274,3.0423210464473263
2025-01-16,95.50436514641427,3.0423210464473263
2025-01-17,21.42632502034458,2.1065905525086275
2025-01-17,68.56290006638925,2.1065905525086275
2025-01-17,12.527911317349547,2.1065905525086275
2025-01-18,87.39486969501141,2.731074259695478
2025-01-18,18.746532539082235,2.731074259695478
2025-01-18,16.886335769897777,2.731074259695478
2025-01-18,53.77904597741823,2.731074259695478
2025-01-19,55.097987532885966,1.7818048261288604
2025-01-19,88.11736608712856,1.7818048261288604
2025-01-19,25.504343422737634,1.7818048261288604
2025-01-20,65.43532527272798,3.158180194122148
2025-01-20,23.3892062470617,3.158180194122148
2025-01-20,75.38846731684191,3.158180194122148
2025-01-20,93.05134642463473,3.158180194122148
2025-01-21,82.84647366015903,1.5243367410766246
2025-01-21,27.790000862560017,1.5243367410766246
2025-01-21,80.34807095075917,1.5243367410766246
2025-01-22,20.108025242168022,2.877219090581172
2025-01-22,32.49820045977229,2.877219090581172
2025-01-22,33.381152476652,2.877219090581172
2025-01-23,68.84968261119278,2.5236685225922155
2025-01-23,67.69281243839629,2.5236685225922155
2025-01-23,40.36285733647372,2.5236685225922155
2025-01-24,58.15820675971121,3.020867176454602
2025-01-24,33.13664778304458,3.020867176454602
2025-01-24,29.284060852669,3.020867176454602
2025-01-25,33.74374158397225,1.8871544652462602
2025-01-25,85.92572784561689,1.8871544652462602
2025-01-25,40.154674597104766,1.8871544652462602
2025-01-25,99.48032995337562,1.8871544652462602
2025-01-26,92.12178491086308,2.437031895135186
2025-01-26,97.67563654889851,2.437031895135186
2025-01-27,47.058702262158,2.3172271695280697
2025-01-27,15.95219704629217,2.3172271695280697
2025-01-27,85.62531884840958,2.3172271695280697
2025-01-28,48.77819570541929,2.61187698146775
2025-01-29,53.80608921441505,2.6219365806012895
2025-01-30,38.42945701259453,3.1709423586298455
2025-01-31,17.6252938601144,3.306138866991418
2025-01-31,71.80732464054917,3.306138866991418
2025-02-01,71.05088401139949,1.7329076909479018
2025-02-01,48.420431437767014,1.7329076909479018
2025-02-01,59.860313559562194,1.7329076909479018
2025-02-02,9.893048275320378,2.574583788891437
2025-02-02,62.733007224080254,2.574583788891437
2025-02-02,4.508863014473828,2.574583788891437
2025-02-03,23.02786214858899,2.579961912366323
2025-02-03,16.055705131351765,2.579961912366323
2025-02-03,94.34855644278035,2.579961912366323
2025-02-04,90.4219245066994,1.6202891338860805
2025-02-05,87.5738945957148,3.142064349486459
2025-02-05,14.122144727836478,3.142064349486459
2025-02-05,73.26870718047059,3.142064349486459
2025-02-06,25.200702487844744,2.9982525806765654
2025-02-06,30.189115637177267,2.9982525806765654
2025-02-06,95.8167996333444,2.9982525806765654
2025-02-06,50.69226770860046,2.9982525806765654
2025-02-07,25.139613394137236,1.9925680440773503
2025-02-07,38.99973975269952,1.9925680440773503
2025-02-07,8.938284442453151,1.9925680440773503
2025-02-08,92.03737936643165,2.064317377754453
2025-02-08,28.20772931038719,2.064317377754453
2025-02-08,83.32402892889378,2.064317377754453
2025-02-09,21.55597807173245,3.168453727922707
2025-02-10,48.73452694191415,1.8798870634385236
2025-02-10,33.770281688335984,1.8798870634385236
2025-02-10,42.71698204608695,1.8798870634385236
2025-02-11,13.10316180856896,2.580569909979393
2025-02-11,44.29946320906169,2.580569909979393
2025-02-11,98.96838552807691,2.580569909979393
2025-02-11,21.230219847545566,2.580569909979393
2025-02-12,58.86147882356807,2.337903101806881
2025-02-13,62.308832244706586,2.0960391261563043
2025-02-13,67.98844171508397,2.0960391261563043
2025-02-13,59.5512848406174,2.0960391261563043
2025-02-14,29.09884749317722,1.4933838175546816
2025-02-15,5.732480736626991,2.044149735803427
2025-02-16,98.55405540283904,1.3664712404960835
2025-02-16,45.854628181933975,1.3664712404960835
2025-02-17,73.34226024450012,1.8014744709922668
2025-02-18,75.72229380418813,2.3372585870343423
2025-02-18,15.001936721106325,2.3372585870343423
2025-02-18,66.99148824666028,2.3372585870343423
2025-02-19,51.96080326364227,2.294301897897734
2025-02-20,2.890541259600899,1.7291605273617514
2025-02-20,11.778299267704485,1.7291605273617514
2025-02-20,80.75009221857091,1.7291605273617514
2025-02-20,59.720272704182925,1.7291605273617514
2025-02-21,78.40027085269384,2.338990619512469
2025-02-21,19.24457698489955,2.338990619512469
2025-02-21,52.78302700692312,2.338990619512469
2025-02-22,14.743552969146114,2.985113127919221
2025-02-22,37.8873532475474,2.985113127919221
2025-02-22,12.991622178582507,2.985113127919221
2025-02-23,58.06533209923674,2.451819393380772
2025-02-23,50.76329136115937,2.451819393380772
2025-02-24,56.051281152604865,2.8220665974892376
2025-02-25,7.055906521889139,2.016148116115475
2025-02-25,88.48676396110183,2.016148116115475
2025-02-25,25.201162228639838,2.016148116115475
2025-02-25,43.85655058335004,2.016148116115475
2025-02-26,13.500207880753134,1.6910526137604236
2025-02-26,83.2737439867761,1.6910526137604236
2025-02-27,92.62314628236452,2.6285216057308496
2025-02-28,31.506240658320138,1.8694573919063695
2025-02-28,37.14890338743001,1.8694573919063695
2025-02-28,88.10969755264128,1.8694573919063695
2025-03-01,29.64175881867307,1.6291754240126346
2025-03-01,49.762992466505686,1.6291754240126346
2025-03-02,62.531686006420614,3.216610829505229
2025-03-03,59.30130505576315,3.1063732058926474
2025-03-03,54.51268749463208,3.1063732058926474
2025-03-04,28.192631950810764,2.402599078009164
2025-03-04,26.597886803984103,2.402599078009164
2025-03-04,87.88298667608873,2.402599078009164
2025-03-04,19.78768934221897,2.402599078009164
2025-03-05,81.00952579953854,1.9150960052881345
2025-03-05,34.57742659570065,1.9150960052881345
2025-03-06,42.435677868080255,2.5249076472946816
2025-03-07,77.00667711459808,3.2961988627750043
2025-03-07,90.82356884940607,3.2961988627750043
2025-03-07,62.59496904549891,3.2961988627750043
2025-03-07,76.28716779811228,3.2961988627750043
2025-03-08,8.152957418781739,2.1199907470977193
2025-03-09,73.08003388671428,2.328376413303214
2025-03-09,42.09756098817459,2.328376413303214
2025-03-10,5.318153034935811,2.644636423876247
2025-03-10,71.06747737348394,2.644636423876247
2025-03-10,33.65464118305833,2.644636423876247
2025-03-10,92.17739032401778,2.644636423876247
2025-03-11,22.559603675751603,1.693205659155052
2025-03-12,97.24413078004775,2.6268556868638573
2025-03-13,29.871744202176565,1.822319127563699
2025-03-13,27.505458333770214,1.822319127563699
2025-03-13,70.8141168898127,1.822319127563699
2025-03-14,9.667489333350451,2.4144464009848523
2025-03-14,38.87002200192044,2.4144464009848523
2025-03-14,26.358802497316816,2.4144464009848523
2025-03-14,39.406052862093,2.4144464009848523
2025-03-15,85.6620574095003,1.4133714104380033
2025-03-15,82.73584943214063,1.4133714104380033
2025-03-15,18.2712646090616,1.4133714104380033
2025-03-15,63.20940603895348,1.4133714104380033
2025-03-16,44.681304701084684,1.6139903660948929
2025-03-16,39.4429958318204,1.6139903660948929
2025-03-16,89.90218602155628,1.6139903660948929
2025-03-17,45.079935823463394,2.7671626293756053
2025-03-17,98.99948002097032,2.7671626293756053
2025-03-17,85.78385572233319,2.7671626293756053
2025-03-18,95.83610633914878,1.7815112630448573
2025-03-18,2.201083638147263,1.7815112630448573
2025-03-18,91.73430048601521,1.7815112630448573
2025-03-19,28.361154800670757,1.478081911450231
2025-03-20,51.28406449463114,2.673141688850773
2025-03-21,69.28057525197205,2.128888052669788
2025-03-22,29.50972027183502,2.162808779945968
2025-03-23,18.33119648448887,2.383143928287222
2025-03-23,99.24285415679653,2.383143928287222
2025-03-23,52.6794222245958,2.383143928287222
2025-03-23,40.69537586931719,2.383143928287222
2025-03-24,85.04406984773102,2.168036442231319
2025-03-24,87.45983443333759,2.168036442231319
2025-03-24,91.49766941126394,2.168036442231319
2025-03-24,28.532152751896604,2.168036442231319
2025-03-25,58.938937158100394,2.0212226371334845
2025-03-25,65.56760506305253,2.0212226371334845
2025-03-25,68.23354739837681,2.0212226371334845
2025-03-26,25.291204875263293,1.848266258359958
2025-03-26,76.74959256510756,1.848266258359958
2025-03-26,73.11320604103842,1.848266258359958
2025-03-26,10.792332600941439,1.848266258359958
2025-03-27,2.8990760907729722,2.968502334731193
2025-03-28,66.37449936053919,1.7723452510713418
2025-03-28,6.261937451853949,1.7723452510713418
2025-03-29,99.52800919504483,2.5048582644618373
2025-03-29,83.57725682980414,2.5048582644618373
2025-03-29,16.269068349585996,2.5048582644618373
2025-03-29,74.3519942581672,2.5048582644618373
2025-03-30,15.970960078713595,2.457362662933254
2025-03-30,19.080053969901613,2.457362662933254
2025-03-30,63.478616776052576,2.457362662933254
2025-03-30,27.136470743949193,2.457362662933254
2025-03-31,67.37100628360372,3.292797898114369
2025-03-31,97.95733641436516,3.292797898114369
2025-04-01,53.517371091006254,1.596661480707323
2025-04-01,52.4537549775626,1.596661480707323
2025-04-01,36.766740206375395,1.596661480707323
2025-04-02,93.91945842922556,2.6706078129223325
2025-04-02,14.728448313772438,2.6706078129223325
2025-04-03,28.500789960160954,3.007469002415391
2025-04-04,3.0473268070854695,2.5213795710536506
2025-04-04,90.78238260839318,2.5213795710536506
2025-04-05,63.9408292346751,2.872816785201209
2025-04-05,5.85014166704375,2.872816785201209
2025-04-05,96.48477273919877,2.872816785201209
2025-04-06,40.028624789371,2.9940295231444365
2025-04-06,39.15985761263929,2.9940295231444365
2025-04-06,94.2583776727663,2.9940295231444365
2025-04-07,7.558194227229792,1.6208539138472593
2025-04-07,61.93197462498599,1.6208539138472593
2025-04-08,73.33799841082566,2.072377417037898
2025-04-08,49.56522017038702,2.072377417037898
2025-04-08,91.6330273937091,2.072377417037898
2025-04-08,4.194798270993285,2.072377417037898
2025-04-09,20.36646500903092,2.059336568180565
2025-04-09,34.43541315931754,2.059336568180565
2025-04-09,15.58987703060542,2.059336568180565
2025-04-09,17.625123154449064,2.059336568180565
2025-04-10,42.01325103308237,3.1378183594572278
2025-04-10,36.26404210493828,3.1378183594572278
2025-04-10,98.66141240597317,3.1378183594572278
2025-04-11,15.109420675392858,1.4941632196790833
2025-04-11,37.11827469766609,1.4941632196790833
2025-04-11,92.83051433885954,1.4941632196790833
2025-04-12,3.9535220153282946,2.368505795433638
2025-04-12,73.31503836498938,2.368505795433638
2025-04-13,88.89775375065503,2.974592795474564
2025-04-14,14.342928584139123,2.7548862187245
2025-04-14,35.624107352569226,2.7548862187245
2025-04-15,16.131289418941844,2.83893469332947
2025-04-16,14.674480120286855,2.3239384145976967
2025-04-17,55.36895870574013,1.8185358865585635
2025-04-17,80.15431685985824,1.8185358865585635
2025-04-18,11.680544717088582,1.8568790098232952
2025-04-18,59.621015718746825,1.8568790098232952
2025-04-18,96.75895258873145,1.8568790098232952
2025-04-19,60.120590753703816,2.8258680421457654
2025-04-19,17.37378532595558,2.8258680421457654
2025-04-19,64.67559163074418,2.8258680421457654
2025-04-19,23.377117420295036,2.8258680421457654
2025-04-20,27.277485821230854,1.481995701258294
2025-04-20,59.42327528438815,1.481995701258294
2025-04-21,76.69266680108626,1.8191433158842285
2025-04-21,8.860047474928116,1.8191433158842285
2025-04-21,16.599769840261096,1.8191433158842285
2025-04-21,40.751477000731576,1.8191433158842285
2025-04-22,63.44128700588289,1.5038043162240846
2025-04-22,81.48673106023875,1.5038043162240846
2025-04-22,98.95532416826492,1.5038043162240846
2025-04-23,76.20211854458698,2.2816688512283565
2025-04-23,38.791510142705064,2.2816688512283565
2025-04-23,81.93469341658054,2.2816688512283565
2025-04-24,92.54927063424132,3.036464305376592
2025-04-25,52.738951639883275,2.3717061185000254
2025-04-25,42.506908235419495,2.3717061185000254
2025-04-26,30.759473642578385,3.0065820532776084
2025-04-26,15.114785173310077,3.0065820532776084
2025-04-27,62.198185305086334,2.2025147504420453
2025-04-28,42.50359240124104,2.3290651902012374
2025-04-28,55.5004755497463,2.3290651902012374
2025-04-28,36.422600434836724,2.3290651902012374
2025-04-28,36.7258015035553,2.3290651902012374
2025-04-29,16.96480638065895,1.471826697075747
2025-04-29,89.78031586957218,1.471826697075747
2025-04-30,93.6839471463424,1.609554748352117
2025-04-30,23.120109293533538,1.609554748352117
2025-04-30,24.350844918856577,1.609554748352117
2025-05-01,43.02562610258317,2.033386790133207
2025-05-01,58.24901550673408,2.033386790133207
2025-05-01,11.593020525497167,2.033386790133207
2025-05-01,57.58123861118374,2.033386790133207
2025-05-02,32.18769813825027,2.910465389608719
2025-05-02,48.700958025367605,2.910465389608719
2025-05-03,28.23232206087673,1.787687404582077
2025-05-03,82.58386800276558,1.787687404582077
2025-05-03,47.980920228350904,1.787687404582077
2025-05-03,1.5119690601081484,1.787687404582077
2025-05-04,86.13537919331067,1.5189425986917924
2025-05-04,45.76434613462436,1.5189425986917924
2025-05-05,56.41344094876503,1.8229551817371994
2025-05-05,61.56272310737179,1.8229551817371994
2025-05-05,89.11813713793721,1.8229551817371994
2025-05-05,46.03072680053087,1.8229551817371994
2025-05-06,38.48726886756017,2.940273001594883
2025-05-06,63.6240696568768,2.940273001594883
2025-05-07,43.852873466414316,3.0920467422236078
2025-05-08,37.24545734965379,2.977252793347058
2025-05-08,43.33383363317534,2.977252793347058
2025-05-08,37.749035608791964,2.977252793347058
2025-05-09,25.12211095702799,2.9692910205085274
2025-05-09,46.265316240853814,2.9692910205085274
2025-05-09,73.20467234333488,2.9692910205085274
2025-05-09,3.7838857070416005,2.9692910205085274
2025-05-10,59.67073022344423,1.7691486883026042
2025-05-10,97.9395712087108,1.7691486883026042
2025-05-10,51.20178727621637,1.7691486883026042
2025-05-11,54.502812791530516,2.861195935572513
2025-05-11,58.536421664053705,2.861195935572513
2025-05-11,47.47250804617015,2.861195935572513
2025-05-12,58.74100512056938,1.8774977283827448
2025-05-13,11.63312015965817,1.4321500071062312
2025-05-14,76.60538857476188,1.8426471904821695
2025-05-15,2.4126712563084585,1.7661681098368132
2025-05-15,74.90395951441413,1.7661681098368132
2025-05-15,20.522223512706873,1.7661681098368132
2025-05-15,98.71569187833575,1.7661681098368132
2025-05-16,8.389112991212627,1.5216971698772368
2025-05-16,93.14429496078634,1.5216971698772368
2025-05-16,86.57199919965603,1.5216971698772368
2025-05-17,27.346962301146114,2.718252480745672
2025-05-17,90.60963377599417,2.718252480745672
2025-05-18,91.43246090261538,1.3664145845751672
2025-05-19,56.93811639025463,2.391707939077116
2025-05-20,68.81173879790035,2.5443090215363657
2025-05-21,99.88052738388214,1.4352622113230213
2025-05-21,94.42451936688927,1.4352622113230213
2025-05-21,36.084676792139355,1.4352622113230213
2025-05-21,32.87079145600538,1.4352622113230213
2025-05-22,28.62994888881493,2.747631189626439
2025-05-22,49.998386317366084,2.747631189626439
2025-05-23,81.30715674644149,1.3561035069376843
2025-05-24,56.18921995953752,2.6705610322471243
2025-05-24,69.19272908170463,2.6705610322471243
2025-05-25,7.770245765156878,1.3978878571490885
2025-05-26,57.21638958242163,1.9858265177612808
2025-05-26,28.90760140155215,1.9858265177612808
2025-05-26,85.15848790606603,1.9858265177612808
2025-05-27,55.36596142153129,2.244512268933463
2025-05-28,2.9838431924304087,2.046369390478846
2025-05-29,64.92090168617301,1.692284452039017
2025-05-29,29.766627405455342,1.692284452039017
2025-05-29,44.890847052702306,1.692284452039017
2025-05-29,71.0575305015617,1.692284452039017
2025-05-30,49.5308645421553,1.9737932796949669
2025-05-31,52.18698495532129,2.3943659011892553
2025-05-31,90.19729121067937,2.3943659011892553
2025-05-31,67.45587726236546,2.3943659011892553
2025-05-31,58.377109146841924,2.3943659011892553
2025-06-01,68.49461109310849,3.18768350644056
2025-06-02,71.52679127976177,2.0823397083387665
2025-06-02,81.49691420605514,2.0823397083387665
2025-06-03,54.07184251441897,2.8619413796450512
2025-06-03,90.39405295359263,2.8619413796450512
2025-06-03,96.09980769296551,2.8619413796450512
2025-06-03,38.53571385550328,2.8619413796450512
2025-06-04,65.02492379477113,2.795172295767329
2025-06-05,48.787996538137484,1.7020161012618238
2025-06-05,49.958972968953184,1.7020161012618238
2025-06-06,94.45422805081411,2.269795296578126
2025-06-06,15.639323341994604,2.269795296578126
2025-06-07,26.063003489141472,2.7604547314459786
2025-06-07,50.86281866433442,2.7604547314459786
2025-06-08,54.052481255597066,2.261295942283046
2025-06-09,17.23068116132412,1.9581243725382367
2025-06-10,66.48177556437844,2.9046589391921964
2025-06-11,37.719930048912865,1.4158937486419103
2025-06-12,36.23927057101157,3.0840964638104804
2025-06-13,47.47309365190402,3.2440400895873474
2025-06-13,83.7918411491651,3.2440400895873474
2025-06-14,73.96228686512707,2.771144644288115
2025-06-14,39.48188501597039,2.771144644288115
2025-06-14,78.26306569249097,2.771144644288115
2025-06-14,24.66475120895758,2.771144644288115
2025-06-15,47.92941337120177,1.411639852807763
2025-06-15,99.82784511589166,1.411639852807763
2025-06-16,89.6550866106514,2.7936525441159215
2025-06-16,13.38230783484668,2.7936525441159215
2025-06-16,74.99871135567346,2.7936525441159215
2025-06-17,26.125027837501207,2.1373282863094625
2025-06-17,71.80711515425484,2.1373282863094625
2025-06-17,58.03284109340355,2.1373282863094625
2025-06-17,45.386353517013845,2.1373282863094625
2025-06-18,62.64305724466094,2.0497876536901116
2025-06-18,34.16382979123481,2.0497876536901116
2025-06-19,82.2853263981563,1.8986175313549936
2025-06-19,22.9140416049145,1.8986175313549936
2025-06-19,8.221776172007655,1.8986175313549936
2025-06-19,2.8767798926354717,1.8986175313549936
2025-06-20,82.6570715455927,2.767417097070995
2025-06-21,13.873223592557633,1.7740809966319537
2025-06-21,98.51893576213787,1.7740809966319537
2025-06-22,15.534689920748004,2.4706404685905285
2025-06-22,49.05158712607092,2.4706404685905285
2025-06-22,57.66565668880578,2.4706404685905285
2025-06-23,37.043019304942916,2.9875936012852016
2025-06-23,44.68261171381991,2.9875936012852016
2025-06-23,42.07270482008953,2.9875936012852016
2025-06-23,85.42777132696258,2.9875936012852016
2025-06-24,97.14697314454345,1.5849281937001776
2025-06-24,32.223439081667735,1.5849281937001776
2025-06-24,91.83891364629599,1.5849281937001776
2025-06-24,73.23180135808678,1.5849281937001776
2025-06-25,25.656746583384425,2.80315194147337
2025-06-25,62.67749723234412,2.80315194147337
2025-06-26,85.06467903377063,3.202604205664902
2025-06-26,17.146816063346563,3.202604205664902
2025-06-26,53.83694112674779,3.202604205664902
2025-06-27,69.95482689753095,3.1692090996172846
2025-06-27,91.56382617883725,3.1692090996172846
2025-06-27,95.97793471943444,3.1692090996172846
2025-06-28,95.83633220675586,1.7726019353650007
2025-06-28,96.51819631588322,1.7726019353650007
2025-06-28,53.067675808165546,1.7726019353650007
2025-06-28,25.382996276453895,1.7726019353650007
2025-06-29,36.249272131739794,2.7774160370121415
2025-06-29,53.41421563967693,2.7774160370121415
2025-06-30,49.74553549366651,2.7886427956255613
2025-06-30,36.33441788320822,2.7886427956255613
2025-06-30,98.43859450158055,2.7886427956255613
2025-06-30,66.61877280904487,2.7886427956255613
2025-07-01,60.6599177141164,1.4892444627500865
2025-07-01,71.45604504000147,1.4892444627500865
2025-07-01,60.847569441794846,1.4892444627500865
2025-07-02,51.62760671940014,2.262258524198824
2025-07-02,14.947253589954428,2.262258524198824
2025-07-02,33.38333586167379,2.262258524198824
2025-07-03,54.04713299817973,1.982127452790915
2025-07-04,94.880679435534,2.4971197157399554
2025-07-04,39.82901624842461,2.4971197157399554
2025-07-04,72.49523998104489,2.4971197157399554
2025-07-05,69.49118672170452,2.769202270019208
2025-07-05,47.23597867390896,2.769202270019208
2025-07-05,97.76087711732863,2.769202270019208
2025-07-06,58.72994443226791,1.8160512553599306
2025-07-06,31.7179465016458,1.8160512553599306
2025-07-07,88.3735746452556,2.9865848986754955
2025-07-07,29.485769630722334,2.9865848986754955
2025-07-08,43.405175878063375,2.835157516732097
2025-07-08,88.85460521549906,2.835157516732097
2025-07-09,7.026781633963335,1.6328799625351638
2025-07-09,19.19841602413275,1.6328799625351638
2025-07-09,33.46762066386917,1.6328799625351638
2025-07-09,36.32802494938857,1.6328799625351638
2025-07-10,25.735154530153338,1.6898922544806205
2025-07-11,36.21993550643156,1.433020455042007
2025-07-11,42.210008165189926,1.433020455042007
2025-07-11,14.011099161517453,1.433020455042007
2025-07-12,57.458899640518865,2.792413285977471
2025-07-12,81.83505820855149,2.792413285977471
2025-07-13,24.009683450435983,2.046518717986312
2025-07-13,87.4408790168282,2.046518717986312
2025-07-13,87.0631265753946,2.046518717986312
2025-07-14,86.16034858854722,2.8407768448148856
2025-07-15,40.714179419416155,1.806649638686322
2025-07-15,87.91356421510848,1.806649638686322
2025-07-15,5.303993836334678,1.806649638686322
2025-07-16,11.094180207388101,2.31584123413594
2025-07-16,34.90467700392907,2.31584123413594
2025-07-17,26.893596593653342,1.7241312109501632
2025-07-18,8.944733843101417,3.069257474398011
2025-07-18,38.1171399149322,3.069257474398011
2025-07-18,49.21071168337818,3.069257474398011
2025-07-19,30.03554338830937,1.946827486335725
2025-07-19,70.66831598848265,1.946827486335725
2025-07-19,53.634949908988716,1.946827486335725
2025-07-20,90.67757571739602,1.5582374530965437
2025-07-21,71.17265450254095,2.5636724207104185
2025-07-21,52.42026558718795,2.5636724207104185
2025-07-21,79.59314621491592,2.5636724207104185
2025-07-21,9.376315105166018,2.5636724207104185
2025-07-22,37.538722795172426,1.5314782585908362
2025-07-22,87.66914108625062,1.5314782585908362
2025-07-22,8.837201591074674,1.5314782585908362
2025-07-23,97.65712692249534,3.087843456986459
2025-07-23,76.09814067403836,3.087843456986459
2025-07-23,27.142024742458172,3.087843456986459
2025-07-24,99.01106269330113,2.277886754525352
2025-07-25,11.031799420774929,3.2080484339951956
2025-07-25,69.3943390803661,3.2080484339951956
2025-07-25,95.20441320725372,3.2080484339951956
2025-07-26,28.718460572761995,2.2186206408994593
2025-07-27,42.59034353764638,2.2572615958553626
2025-07-27,64.74562216446921,2.2572615958553626
2025-07-28,77.34130657792164,3.1062758097407364
2025-07-28,26.42638330237369,3.1062758097407364
2025-07-28,46.65570782306045,3.1062758097407364
2025-07-28,96.11265104908979,3.1062758097407364
2025-07-29,44.74646635986355,2.3079177846997534
2025-07-29,15.55017160961006,2.3079177846997534
2025-07-30,58.08938989935507,1.8877654596316744
2025-07-30,98.52959710386135,1.8877654596316744
2025-07-30,88.33870317389672,1.8877654596316744
2025-07-31,70.8579639624242,1.3543981345160532
2025-08-01,50.074134984759816,1.3741881527375015
2025-08-02,99.59841988487148,1.4323474870884376
2025-08-02,33.539335123551474,1.4323474870884376
2025-08-02,80.73117284540281,1.4323474870884376
2025-08-02,81.54612795479483,1.4323474870884376
2025-08-03,77.1931100736142,3.0702130051805456
2025-08-03,64.99004445564486,3.0702130051805456
2025-08-03,42.08891651283553,3.0702130051805456
2025-08-03,89.55252316627991,3.0702130051805456
2025-08-04,22.991522465774473,1.7258342659025585
2025-08-05,34.412752601747975,1.6203897260512954
2025-08-05,36.45400924003356,1.6203897260512954
2025-08-05,1.1418874696178256,1.6203897260512954
2025-08-06,17.742711546096373,1.8889941628625042
2025-08-06,74.69636012585892,1.8889941628625042
2025-08-07,73.12917239582102,1.393720534106207
2025-08-07,4.905664976813229,1.393720534106207
2025-08-08,11.151061597165633,2.6616903498785556
2025-08-08,88.26208851063386,2.6616903498785556
2025-08-09,16.304137714872095,3.255818683156628
2025-08-10,39.13073379934326,3.1835680089591794
2025-08-10,5.18562952294973,3.1835680089591794
2025-08-10,78.56570806327055,3.1835680089591794
2025-08-11,1.639933786667749,2.710996905684225
2025-08-11,76.70169400717039,2.710996905684225
2025-08-11,44.68821762609653,2.710996905684225
2025-08-12,12.333092561694912,1.8588606837809487
2025-08-13,6.690410658525779,2.40831905833826
2025-08-13,14.954724249857936,2.40831905833826
2025-08-13,47.78046944846401,2.40831905833826
2025-08-13,14.334245149173634,2.40831905833826
2025-08-14,6.583818018150557,1.8520949933166728
2025-08-14,15.569928460902084,1.8520949933166728
2025-08-14,68.8966673822289,1.8520949933166728
2025-08-15,15.410627212091963,3.066537167690201
2025-08-16,26.339740808939386,1.3940214271279965
2025-08-17,7.886387279246468,1.6108730999949399
2025-08-17,96.5428535491776,1.6108730999949399
2025-08-17,79.19283300036484,1.6108730999949399
2025-08-18,69.07381804486404,2.1070811499887396
2025-08-18,17.344806153119602,2.1070811499887396
2025-08-18,16.381844006943815,2.1070811499887396
2025-08-18,40.5834610677777,2.1070811499887396
