date,largest_sale_of_the_day,currency,rate
2023-01-01,87.61471986579895,BRL,5.522925726712294
2023-01-01,87.61471986579895,EUR,0.8614175928295827
2023-01-01,87.61471986579895,CLP,962.2223480137702
2023-01-02,35.77295423015086,BRL,5.50759836051976
2023-01-02,35.77295423015086,EUR,0.8596265462560828
2023-01-02,35.77295423015086,CLP,961.8503273344546
2023-01-03,99.7667867066936,BRL,5.530296191293475
2023-01-03,99.7667867066936,EUR,0.8578665059058115
2023-01-03,99.7667867066936,CLP,961.7958760363928
2023-01-04,56.32491755871316,BRL,5.56035859740622
2023-01-04,56.32491755871316,EUR,0.8545746918930703
2023-01-04,56.32491755871316,CLP,965.3080986497812
2023-01-05,74.67428456802124,BRL,5.540813965698838
2023-01-05,74.67428456802124,EUR,0.8577712835454842
2023-01-05,74.67428456802124,CLP,957.3246145837757
2023-01-06,83.78180868779785,BRL,5.560633628602454
2023-01-06,83.78180868779785,EUR,0.8562163111971661
2023-01-06,83.78180868779785,CLP,963.9840195581849
2023-01-07,77.11517827063113,BRL,5.52586785718647
2023-01-07,77.11517827063113,EUR,0.8605055825348661
2023-01-07,77.11517827063113,CLP,957.5480002624312
2023-01-08,64.05624676913945,BRL,5.478747944730243
2023-01-08,64.05624676913945,EUR,0.8598775661147677
2023-01-08,64.05624676913945,CLP,960.3956549421775
2023-01-09,55.7999933431217,BRL,5.485911932664234
2023-01-09,55.7999933431217,EUR,0.8572960350587551
2023-01-09,55.7999933431217,CLP,959.0114696320776
2023-01-10,83.5793229994135,BRL,5.4433041512297615
2023-01-10,83.5793229994135,EUR,0.8555977168723875
2023-01-10,83.5793229994135,CLP,966.5982203268372
2023-01-11,67.19249353115642,BRL,5.516016856192518
2023-01-11,67.19249353115642,EUR,0.8599381589186986
2023-01-11,67.19249353115642,CLP,964.1362165065392
2023-01-12,74.81003939585146,BRL,5.520319646588039
2023-01-12,74.81003939585146,EUR,0.8589374686641003
2023-01-12,74.81003939585146,CLP,959.3031566101446
2023-01-13,76.91207198850796,BRL,5.527804294729513
2023-01-13,76.91207198850796,EUR,0.8568151134409707
2023-01-13,76.91207198850796,CLP,963.1737032607796
2023-01-14,57.101259803851605,BRL,5.462061926090981
2023-01-14,57.101259803851605,EUR,0.8589490363693622
2023-01-14,57.101259803851605,CLP,959.1291730245988
2023-01-15,52.509826910488336,BRL,5.496849394256004
2023-01-15,52.509826910488336,EUR,0.8617655696175925
2023-01-15,52.509826910488336,CLP,960.9311923307598
2023-01-16,96.04291476569816,BRL,5.448066804405303
2023-01-16,96.04291476569816,EUR,0.854497309677821
2023-01-16,96.04291476569816,CLP,965.7706488576372
2023-01-17,70.20550786831954,BRL,5.435276751534285
2023-01-17,70.20550786831954,EUR,0.8545058144878941
2023-01-17,70.20550786831954,CLP,966.5476849644928
2023-01-18,54.172291181721626,BRL,5.458627476675802
2023-01-18,54.172291181721626,EUR,0.860304760735697
2023-01-18,54.172291181721626,CLP,964.6976626981252
2023-01-19,38.455960331548816,BRL,5.464663308860334
2023-01-19,38.455960331548816,EUR,0.859833979698705
2023-01-19,38.455960331548816,CLP,963.5913945784756
2023-01-20,87.35774147412606,BRL,5.558473916224516
2023-01-20,87.35774147412606,EUR,0.8601654228165365
2023-01-20,87.35774147412606,CLP,964.5147274685982
2023-01-21,82.7514614874926,BRL,5.506049919164295
2023-01-21,82.7514614874926,EUR,0.8561089510675141
2023-01-21,82.7514614874926,CLP,968.7110922717288
2023-01-22,66.77105464152605,BRL,5.465731424031425
2023-01-22,66.77105464152605,EUR,0.858895058292434
2023-01-22,66.77105464152605,CLP,961.2297992040684
2023-01-23,67.50490572786246,BRL,5.540020695377383
2023-01-23,67.50490572786246,EUR,0.8581990873362988
2023-01-23,67.50490572786246,CLP,966.223028197875
2023-01-24,55.11864389326258,BRL,5.491933243748699
2023-01-24,55.11864389326258,EUR,0.8593101643703034
2023-01-24,55.11864389326258,CLP,960.7880967419244
2023-01-25,57.2932694793888,BRL,5.482413808261085
2023-01-25,57.2932694793888,EUR,0.8587177273889117
2023-01-25,57.2932694793888,CLP,966.0694275231674
2023-01-26,13.561167419098366,BRL,5.4632054762976905
2023-01-26,13.561167419098366,EUR,0.8555229678701962
2023-01-26,13.561167419098366,CLP,964.0903947035806
2023-01-27,70.02044489732815,BRL,5.437547646238455
2023-01-27,70.02044489732815,EUR,0.8581191392268561
2023-01-27,70.02044489732815,CLP,967.374443409687
2023-01-28,49.83492855893564,BRL,5.457283174109902
2023-01-28,49.83492855893564,EUR,0.8602307584530007
2023-01-28,49.83492855893564,CLP,968.4467067794978
2023-01-29,95.36600085947858,BRL,5.483950882487083
2023-01-29,95.36600085947858,EUR,0.8553169261329202
2023-01-29,95.36600085947858,CLP,963.997186801239
2023-01-30,91.57229950239731,BRL,5.557565897888416
2023-01-30,91.57229950239731,EUR,0.8623751503515819
2023-01-30,91.57229950239731,CLP,960.0799524838138
2023-01-31,57.23155580029759,BRL,5.524005358207476
2023-01-31,57.23155580029759,EUR,0.8551816021978241
2023-01-31,57.23155580029759,CLP,957.502528799252
2023-02-01,95.0574787616461,BRL,5.510727437295454
2023-02-01,95.0574787616461,EUR,0.8571872802314339
2023-02-01,95.0574787616461,CLP,957.3451694394748
2023-02-02,73.8110785139858,BRL,5.488364958489384
2023-02-02,73.8110785139858,EUR,0.8591864151623576
2023-02-02,73.8110785139858,CLP,967.3846394219672
2023-02-03,21.993471472467743,BRL,5.512283413797595
2023-02-03,21.993471472467743,EUR,0.8542741299821746
2023-02-03,21.993471472467743,CLP,964.677745988397
2023-02-04,67.17600583296061,BRL,5.448768763268906
2023-02-04,67.17600583296061,EUR,0.8549824869371144
2023-02-04,67.17600583296061,CLP,967.3045926684058
2023-02-05,45.33321130704759,BRL,5.463392740215837
2023-02-05,45.33321130704759,EUR,0.8622735907900373
2023-02-05,45.33321130704759,CLP,960.8025642315002
2023-02-06,91.78031373905374,BRL,5.460415170571157
2023-02-06,91.78031373905374,EUR,0.8608700446608091
2023-02-06,91.78031373905374,CLP,963.4935077941686
2023-02-07,57.981665411461954,BRL,5.519051726158733
2023-02-07,57.981665411461954,EUR,0.8549467558286061
2023-02-07,57.981665411461954,CLP,959.9079112008652
2023-02-08,59.08660355115589,BRL,5.548054547570072
2023-02-08,59.08660355115589,EUR,0.8587060274526914
2023-02-08,59.08660355115589,CLP,959.7669363502
2023-02-09,40.74321825112497,BRL,5.544683919852232
2023-02-09,40.74321825112497,EUR,0.8578753133021844
2023-02-09,40.74321825112497,CLP,966.9553785346386
2023-02-10,71.37076171691407,BRL,5.4418205832758
2023-02-10,71.37076171691407,EUR,0.8599840208050292
2023-02-10,71.37076171691407,CLP,961.3545265560948
2023-02-11,35.65013441832818,BRL,5.530236460391291
2023-02-11,35.65013441832818,EUR,0.8617613687419825
2023-02-11,35.65013441832818,CLP,964.00427552354
2023-02-12,26.304337937757744,BRL,5.551752576392198
2023-02-12,26.304337937757744,EUR,0.8573578177032244
2023-02-12,26.304337937757744,CLP,961.0635961275996
2023-02-13,86.92165915030152,BRL,5.449458619165389
2023-02-13,86.92165915030152,EUR,0.8546583014207566
2023-02-13,86.92165915030152,CLP,964.8830609196916
2023-02-14,85.1442236140197,BRL,5.511246658330319
2023-02-14,85.1442236140197,EUR,0.8588675075707156
2023-02-14,85.1442236140197,CLP,963.0438068768098
2023-02-15,54.422269963664526,BRL,5.476893771897629
2023-02-15,54.422269963664526,EUR,0.8588944466675632
2023-02-15,54.422269963664526,CLP,967.444774949977
2023-02-16,94.4235209475655,BRL,5.444844206011989
2023-02-16,94.4235209475655,EUR,0.8597443196260148
2023-02-16,94.4235209475655,CLP,959.0455888000816
2023-02-17,73.7036976297775,BRL,5.461116666617963
2023-02-17,73.7036976297775,EUR,0.860679011955507
2023-02-17,73.7036976297775,CLP,959.633346186562
2023-02-18,58.92619480438448,BRL,5.443286295570524
2023-02-18,58.92619480438448,EUR,0.8593502187562718
2023-02-18,58.92619480438448,CLP,966.5656615853064
2023-02-19,23.18243727691975,BRL,5.550380806654116
2023-02-19,23.18243727691975,EUR,0.8619159900743375
2023-02-19,23.18243727691975,CLP,961.659201593073
2023-02-20,90.24269831573903,BRL,5.443386529402073
2023-02-20,90.24269831573903,EUR,0.860906125930703
2023-02-20,90.24269831573903,CLP,966.2955313950348
2023-02-21,95.20879907182946,BRL,5.448489540823154
2023-02-21,95.20879907182946,EUR,0.8617749256257013
2023-02-21,95.20879907182946,CLP,962.4445845001998
2023-02-22,66.72212095054893,BRL,5.524890041452629
2023-02-22,66.72212095054893,EUR,0.8555321991175286
2023-02-22,66.72212095054893,CLP,964.6550980917644
2023-02-23,64.60722670148891,BRL,5.481264476930027
2023-02-23,64.60722670148891,EUR,0.8608357508230898
2023-02-23,64.60722670148891,CLP,963.2362456399532
2023-02-24,65.55815744388994,BRL,5.471543055848493
2023-02-24,65.55815744388994,EUR,0.8585835419359108
2023-02-24,65.55815744388994,CLP,966.2673716743736
2023-02-25,80.49494105183577,BRL,5.498477403552256
2023-02-25,80.49494105183577,EUR,0.8554042980932907
2023-02-25,80.49494105183577,CLP,967.0589542244207
2023-02-26,99.19625120482736,BRL,5.541981038043128
2023-02-26,99.19625120482736,EUR,0.8555714179356605
2023-02-26,99.19625120482736,CLP,957.6759779448196
2023-02-27,46.21100290297617,BRL,5.515711296746117
2023-02-27,46.21100290297617,EUR,0.8618975177881395
2023-02-27,46.21100290297617,CLP,964.6425281841124
2023-02-28,97.26696101361276,BRL,5.465959473920202
2023-02-28,97.26696101361276,EUR,0.8577486902227258
2023-02-28,97.26696101361276,CLP,958.8676757061904
2023-03-01,62.65093167672322,BRL,5.474720306404572
2023-03-01,62.65093167672322,EUR,0.8600762050352315
2023-03-01,62.65093167672322,CLP,960.696384528456
2023-03-02,87.90696656971971,BRL,5.464870238232964
2023-03-02,87.90696656971971,EUR,0.856803425212067
2023-03-02,87.90696656971971,CLP,968.2319030537228
2023-03-03,95.35110655559542,BRL,5.5484167732632965
2023-03-03,95.35110655559542,EUR,0.8585855082321016
2023-03-03,95.35110655559542,CLP,967.0641730855208
2023-03-04,65.12089691884113,BRL,5.531241879495718
2023-03-04,65.12089691884113,EUR,0.8570690433274608
2023-03-04,65.12089691884113,CLP,958.7214143541328
2023-03-05,45.98641383607595,BRL,5.527435234116135
2023-03-05,45.98641383607595,EUR,0.862223920987566
2023-03-05,45.98641383607595,CLP,960.1654082939988
2023-03-06,97.63916797636448,BRL,5.46231541185868
2023-03-06,97.63916797636448,EUR,0.854824356283907
2023-03-06,97.63916797636448,CLP,967.7996131484268
2023-03-07,96.92783567320716,BRL,5.46593564184957
2023-03-07,96.92783567320716,EUR,0.8576496727721874
2023-03-07,96.92783567320716,CLP,964.6197920879524
2023-03-08,66.98784671231145,BRL,5.529003381665623
2023-03-08,66.98784671231145,EUR,0.8581845490339594
2023-03-08,66.98784671231145,CLP,962.5163993821216
2023-03-09,38.34632663403156,BRL,5.434366127099644
2023-03-09,38.34632663403156,EUR,0.8603005100069557
2023-03-09,38.34632663403156,CLP,963.957267544744
2023-03-10,30.650545020171247,BRL,5.4682946171399305
2023-03-10,30.650545020171247,EUR,0.8590315773445623
2023-03-10,30.650545020171247,CLP,958.977045268431
2023-03-11,80.04593811847498,BRL,5.548110532436208
2023-03-11,80.04593811847498,EUR,0.8565148673362395
2023-03-11,80.04593811847498,CLP,957.6448811895502
2023-03-12,85.26963386044861,BRL,5.5245169671024295
2023-03-12,85.26963386044861,EUR,0.8553029413602232
2023-03-12,85.26963386044861,CLP,966.7967748963656
2023-03-13,93.81438782924582,BRL,5.548326472175537
2023-03-13,93.81438782924582,EUR,0.8614021933468006
2023-03-13,93.81438782924582,CLP,958.8242352351294
2023-03-14,78.07294697018911,BRL,5.533062435985231
2023-03-14,78.07294697018911,EUR,0.8549668987999901
2023-03-14,78.07294697018911,CLP,958.2957670537317
2023-03-15,90.31597651023095,BRL,5.530493093657504
2023-03-15,90.31597651023095,EUR,0.8560026491973791
2023-03-15,90.31597651023095,CLP,957.4401873089917
2023-03-16,55.38851451254641,BRL,5.4546126660035
2023-03-16,55.38851451254641,EUR,0.8569383540198887
2023-03-16,55.38851451254641,CLP,958.4797609147038
2023-03-17,83.32544895451741,BRL,5.561198842707531
2023-03-17,83.32544895451741,EUR,0.8545078796019628
2023-03-17,83.32544895451741,CLP,967.4681025105026
2023-03-18,53.2243221841951,BRL,5.485242790754389
2023-03-18,53.2243221841951,EUR,0.8552299046762027
2023-03-18,53.2243221841951,CLP,967.1418933725128
2023-03-19,98.92326101830396,BRL,5.52440684648557
2023-03-19,98.92326101830396,EUR,0.8607136561032257
2023-03-19,98.92326101830396,CLP,966.4940355542004
2023-03-20,71.1919660540115,BRL,5.543960617653189
2023-03-20,71.1919660540115,EUR,0.8558355739234583
2023-03-20,71.1919660540115,CLP,964.2427870888256
2023-03-21,94.01378544808888,BRL,5.473171233716395
2023-03-21,94.01378544808888,EUR,0.8570436658240452
2023-03-21,94.01378544808888,CLP,964.5083997030904
2023-03-22,59.3388734652358,BRL,5.504413087142753
2023-03-22,59.3388734652358,EUR,0.8609877571642535
2023-03-22,59.3388734652358,CLP,965.4451497724168
2023-03-23,56.17841791688839,BRL,5.475255248363309
2023-03-23,56.17841791688839,EUR,0.8599853647454092
2023-03-23,56.17841791688839,CLP,963.7855592021934
2023-03-24,74.08624789087058,BRL,5.551620970381783
2023-03-24,74.08624789087058,EUR,0.8542765279606365
2023-03-24,74.08624789087058,CLP,960.4594356702366
2023-03-25,46.94108437956204,BRL,5.557183819722279
2023-03-25,46.94108437956204,EUR,0.8548946347718734
2023-03-25,46.94108437956204,CLP,963.041783758296
2023-03-26,96.98873248712772,BRL,5.443630744042136
2023-03-26,96.98873248712772,EUR,0.8587067098947673
2023-03-26,96.98873248712772,CLP,959.841883371009
2023-03-27,76.442862858705,BRL,5.48355502827749
2023-03-27,76.442862858705,EUR,0.857866041505187
2023-03-27,76.442862858705,CLP,965.8778908206478
2023-03-28,30.883009393307688,BRL,5.492290230735974
2023-03-28,30.883009393307688,EUR,0.8601894958842038
2023-03-28,30.883009393307688,CLP,966.9076223322018
2023-03-29,95.95707868829705,BRL,5.464867335852234
2023-03-29,95.95707868829705,EUR,0.8600893182351419
2023-03-29,95.95707868829705,CLP,962.148174026783
2023-03-30,80.72888454190645,BRL,5.545210030033752
2023-03-30,80.72888454190645,EUR,0.8544633678482197
2023-03-30,80.72888454190645,CLP,967.796408948137
2023-03-31,49.83470354860152,BRL,5.492495338936922
2023-03-31,49.83470354860152,EUR,0.8606897115301221
2023-03-31,49.83470354860152,CLP,958.1911034232844
2023-04-01,16.04465085254011,BRL,5.514496983296956
2023-04-01,16.04465085254011,EUR,0.8569188359902999
2023-04-01,16.04465085254011,CLP,961.0427910274236
2023-04-02,12.413836144528874,BRL,5.473736624502776
2023-04-02,12.413836144528874,EUR,0.8575201691479754
2023-04-02,12.413836144528874,CLP,961.1970017988824
2023-04-03,27.08880729792467,BRL,5.4602028076057545
2023-04-03,27.08880729792467,EUR,0.854521682207361
2023-04-03,27.08880729792467,CLP,961.128882844486
2023-04-04,81.72165999706779,BRL,5.462229577978245
2023-04-04,81.72165999706779,EUR,0.8606422797103008
2023-04-04,81.72165999706779,CLP,963.8593036796664
2023-04-05,87.6197100909019,BRL,5.44934416826025
2023-04-05,87.6197100909019,EUR,0.8581594081670162
2023-04-05,87.6197100909019,CLP,963.6067655616182
2023-04-06,89.89076836901332,BRL,5.516577412825975
2023-04-06,89.89076836901332,EUR,0.8583799016769796
2023-04-06,89.89076836901332,CLP,967.04029949058
2023-04-07,92.87946737786316,BRL,5.504845671893878
2023-04-07,92.87946737786316,EUR,0.8586713785445818
2023-04-07,92.87946737786316,CLP,958.6744932770848
2023-04-08,41.81990794917608,BRL,5.5141443492404685
2023-04-08,41.81990794917608,EUR,0.8608197406896844
2023-04-08,41.81990794917608,CLP,961.0208493521149
2023-04-09,37.817876930093576,BRL,5.5164413756275605
2023-04-09,37.817876930093576,EUR,0.8546771302359697
2023-04-09,37.817876930093576,CLP,965.9018921509054
2023-04-10,89.5102035234518,BRL,5.53381883753788
2023-04-10,89.5102035234518,EUR,0.8553009104429403
2023-04-10,89.5102035234518,CLP,968.5671502206887
2023-04-11,90.13119980428972,BRL,5.531407550628983
2023-04-11,90.13119980428972,EUR,0.8543616716899074
2023-04-11,90.13119980428972,CLP,964.2906482798594
2023-04-12,98.27705277639843,BRL,5.454746974861088
2023-04-12,98.27705277639843,EUR,0.8544811669164005
2023-04-12,98.27705277639843,CLP,966.9752726611612
2023-04-13,71.55180026570413,BRL,5.431854083107207
2023-04-13,71.55180026570413,EUR,0.8586235487266807
2023-04-13,71.55180026570413,CLP,960.112023023313
2023-04-14,87.02820232350595,BRL,5.537899158424879
2023-04-14,87.02820232350595,EUR,0.8622113518801501
2023-04-14,87.02820232350595,CLP,967.3052634194672
2023-04-15,27.38752433021557,BRL,5.444491481335913
2023-04-15,27.38752433021557,EUR,0.8604461499657275
2023-04-15,27.38752433021557,CLP,961.717410726424
2023-04-16,73.31930692682046,BRL,5.442794965936519
2023-04-16,73.31930692682046,EUR,0.8558134761424129
2023-04-16,73.31930692682046,CLP,960.38855039689
2023-04-17,46.951574395350384,BRL,5.497304121500924
2023-04-17,46.951574395350384,EUR,0.8613220320567236
2023-04-17,46.951574395350384,CLP,963.004018856949
2023-04-18,66.22720682964685,BRL,5.519299012639832
2023-04-18,66.22720682964685,EUR,0.8544825698644658
2023-04-18,66.22720682964685,CLP,961.593066474432
2023-04-19,45.77495244330099,BRL,5.551932690346754
2023-04-19,45.77495244330099,EUR,0.8555826821916863
2023-04-19,45.77495244330099,CLP,965.3878602502582
2023-04-20,78.89180403246739,BRL,5.527213965450882
2023-04-20,78.89180403246739,EUR,0.8599804947870553
2023-04-20,78.89180403246739,CLP,960.4688039888158
2023-04-21,50.22770206311942,BRL,5.446057700475039
2023-04-21,50.22770206311942,EUR,0.8555789534949377
2023-04-21,50.22770206311942,CLP,967.986096702276
2023-04-22,69.13640264796406,BRL,5.464319889176927
2023-04-22,69.13640264796406,EUR,0.8613921966628872
2023-04-22,69.13640264796406,CLP,966.554936697342
2023-04-23,90.31004569023914,BRL,5.477142146119582
2023-04-23,90.31004569023914,EUR,0.8550502057978765
2023-04-23,90.31004569023914,CLP,960.4658483486456
2023-04-24,6.443482341208093,BRL,5.458167461639972
2023-04-24,6.443482341208093,EUR,0.8594868973548411
2023-04-24,6.443482341208093,CLP,960.8874839406296
2023-04-25,21.17499966681552,BRL,5.438346733732404
2023-04-25,21.17499966681552,EUR,0.8545100794438981
2023-04-25,21.17499966681552,CLP,964.8924384099724
2023-04-26,65.19848272697605,BRL,5.45366821072732
2023-04-26,65.19848272697605,EUR,0.8577120254216419
2023-04-26,65.19848272697605,CLP,956.8505216385568
2023-04-27,98.45634574066864,BRL,5.43844954406658
2023-04-27,98.45634574066864,EUR,0.8589231677204561
2023-04-27,98.45634574066864,CLP,965.7937744718216
2023-04-28,62.966460440309085,BRL,5.5335592112377645
2023-04-28,62.966460440309085,EUR,0.8571746238703518
2023-04-28,62.966460440309085,CLP,961.4841945766276
2023-04-29,89.45022935779876,BRL,5.471783003488007
2023-04-29,89.45022935779876,EUR,0.8604412974211744
2023-04-29,89.45022935779876,CLP,965.2534204632592
2023-04-30,68.66645055423999,BRL,5.458713538488755
2023-04-30,68.66645055423999,EUR,0.8555739013583914
2023-04-30,68.66645055423999,CLP,961.0082089239876
2023-05-01,70.29547437238624,BRL,5.538618805060841
2023-05-01,70.29547437238624,EUR,0.8586972294806849
2023-05-01,70.29547437238624,CLP,966.737623377146
2023-05-02,69.24916572027868,BRL,5.460296123471717
2023-05-02,69.24916572027868,EUR,0.855941395654944
2023-05-02,69.24916572027868,CLP,966.51996166387
2023-05-03,87.98412590611989,BRL,5.49665109275204
2023-05-03,87.98412590611989,EUR,0.8566685923397762
2023-05-03,87.98412590611989,CLP,959.4273363826778
2023-05-04,99.58323893937444,BRL,5.546179637457636
2023-05-04,99.58323893937444,EUR,0.8561403601481548
2023-05-04,99.58323893937444,CLP,960.900750052621
2023-05-05,95.83016725295036,BRL,5.448110952541457
2023-05-05,95.83016725295036,EUR,0.8582761531134364
2023-05-05,95.83016725295036,CLP,960.2992283815544
2023-05-06,85.55364623248454,BRL,5.503773160825215
2023-05-06,85.55364623248454,EUR,0.8563190187357536
2023-05-06,85.55364623248454,CLP,962.8700154815168
2023-05-07,77.49387769082604,BRL,5.431896438330102
2023-05-07,77.49387769082604,EUR,0.8586523801466144
2023-05-07,77.49387769082604,CLP,968.0232176692872
2023-05-08,89.98027132296315,BRL,5.552518501004887
2023-05-08,89.98027132296315,EUR,0.8562196668005204
2023-05-08,89.98027132296315,CLP,959.9660661442356
2023-05-09,93.87497168492504,BRL,5.4786515473614905
2023-05-09,93.87497168492504,EUR,0.860598957053554
2023-05-09,93.87497168492504,CLP,957.5649662880252
2023-05-10,82.52007749578992,BRL,5.469776699988626
2023-05-10,82.52007749578992,EUR,0.8590427407468085
2023-05-10,82.52007749578992,CLP,962.1506787881832
2023-05-11,78.32952326522262,BRL,5.521799999920333
2023-05-11,78.32952326522262,EUR,0.8565862530831816
2023-05-11,78.32952326522262,CLP,960.8355514813492
2023-05-12,82.33415569570293,BRL,5.526941205571129
2023-05-12,82.33415569570293,EUR,0.8577551273252574
2023-05-12,82.33415569570293,CLP,959.9702268214052
2023-05-13,69.7422227559973,BRL,5.524921368082804
2023-05-13,69.7422227559973,EUR,0.8581112092826265
2023-05-13,69.7422227559973,CLP,957.3221136649016
2023-05-14,73.08344061434477,BRL,5.491547991176327
2023-05-14,73.08344061434477,EUR,0.8588078515929289
2023-05-14,73.08344061434477,CLP,962.7899757691716
2023-05-15,79.67387181185579,BRL,5.465763526085602
2023-05-15,79.67387181185579,EUR,0.8556102769713224
2023-05-15,79.67387181185579,CLP,959.0747118932908
2023-05-16,85.46876707635101,BRL,5.536938767859626
2023-05-16,85.46876707635101,EUR,0.8607804994342136
2023-05-16,85.46876707635101,CLP,961.9500765311278
2023-05-17,93.6558868275826,BRL,5.45377499952592
2023-05-17,93.6558868275826,EUR,0.8612047091556422
2023-05-17,93.6558868275826,CLP,965.9858997467873
2023-05-18,68.02105819133348,BRL,5.452261571912628
2023-05-18,68.02105819133348,EUR,0.8585782621244136
2023-05-18,68.02105819133348,CLP,957.4759117212184
2023-05-19,89.123937823664,BRL,5.465397838813094
2023-05-19,89.123937823664,EUR,0.8554560237835368
2023-05-19,89.123937823664,CLP,966.2818676066544
2023-05-20,88.9107998774906,BRL,5.498344869658558
2023-05-20,88.9107998774906,EUR,0.8584343486201644
2023-05-20,88.9107998774906,CLP,959.2512617246626
2023-05-21,64.85226240184399,BRL,5.468413091338955
2023-05-21,64.85226240184399,EUR,0.8584265826110055
2023-05-21,64.85226240184399,CLP,962.5235762229164
2023-05-22,98.75270798353732,BRL,5.551936379631198
2023-05-22,98.75270798353732,EUR,0.8572462323677327
2023-05-22,98.75270798353732,CLP,966.4856821537657
2023-05-23,83.05982595788186,BRL,5.491097382404575
2023-05-23,83.05982595788186,EUR,0.8592069978959621
2023-05-23,83.05982595788186,CLP,965.4864853997016
2023-05-24,49.18174674103605,BRL,5.541838142888902
2023-05-24,49.18174674103605,EUR,0.856870876918223
2023-05-24,49.18174674103605,CLP,966.6814169125886
2023-05-25,95.40498510241372,BRL,5.550543245625612
2023-05-25,95.40498510241372,EUR,0.8565633905783552
2023-05-25,95.40498510241372,CLP,962.2780997093076
2023-05-26,28.98790966562307,BRL,5.535512374731109
2023-05-26,28.98790966562307,EUR,0.8596260884065566
2023-05-26,28.98790966562307,CLP,960.5051316989716
2023-05-27,65.79871152416368,BRL,5.554573666266878
2023-05-27,65.79871152416368,EUR,0.8612789920934367
2023-05-27,65.79871152416368,CLP,964.7763656894645
2023-05-28,92.69286874256824,BRL,5.546303373397655
2023-05-28,92.69286874256824,EUR,0.8588417969474118
2023-05-28,92.69286874256824,CLP,963.0930234651876
2023-05-29,4.249492131904812,BRL,5.525418933654289
2023-05-29,4.249492131904812,EUR,0.8610628276757136
2023-05-29,4.249492131904812,CLP,967.164302827645
2023-05-30,98.7667691376354,BRL,5.512731905209487
2023-05-30,98.7667691376354,EUR,0.8610464371725975
2023-05-30,98.7667691376354,CLP,963.6581534238044
2023-05-31,70.22708082891671,BRL,5.479674866000047
2023-05-31,70.22708082891671,EUR,0.856263582353732
2023-05-31,70.22708082891671,CLP,961.5949656750488
2023-06-01,82.72841927112563,BRL,5.445039558351209
2023-06-01,82.72841927112563,EUR,0.8552787291246617
2023-06-01,82.72841927112563,CLP,964.91695089264
2023-06-02,85.10124114637044,BRL,5.524250627098604
2023-06-02,85.10124114637044,EUR,0.8566623037641423
2023-06-02,85.10124114637044,CLP,965.5929251998226
2023-06-03,60.40645638976858,BRL,5.5640624910128285
2023-06-03,60.40645638976858,EUR,0.8551163826022926
2023-06-03,60.40645638976858,CLP,965.6644987592724
2023-06-04,92.9435012540776,BRL,5.459137567948657
2023-06-04,92.9435012540776,EUR,0.857434312742096
2023-06-04,92.9435012540776,CLP,965.398778629868
2023-06-05,72.74794018783354,BRL,5.476807156710694
2023-06-05,72.74794018783354,EUR,0.8620408747781071
2023-06-05,72.74794018783354,CLP,958.1749002715768
2023-06-06,68.38081460785705,BRL,5.445030587513752
2023-06-06,68.38081460785705,EUR,0.8599457547165756
2023-06-06,68.38081460785705,CLP,963.1906631270756
2023-06-07,93.23665055763276,BRL,5.512544875663404
2023-06-07,93.23665055763276,EUR,0.8574683429702823
2023-06-07,93.23665055763276,CLP,964.9122546922774
2023-06-08,26.370360773411733,BRL,5.545170932299976
2023-06-08,26.370360773411733,EUR,0.8598002866794244
2023-06-08,26.370360773411733,CLP,958.2809517278388
2023-06-09,60.78140170969381,BRL,5.444962449979469
2023-06-09,60.78140170969381,EUR,0.854830704015686
2023-06-09,60.78140170969381,CLP,966.787849759787
2023-06-10,96.0609778539508,BRL,5.46259636002046
2023-06-10,96.0609778539508,EUR,0.8556051465946755
2023-06-10,96.0609778539508,CLP,957.2174126642714
2023-06-11,98.77465136197723,BRL,5.551651324273951
2023-06-11,98.77465136197723,EUR,0.8559099393643868
2023-06-11,98.77465136197723,CLP,957.581807102434
2023-06-12,79.82991491505729,BRL,5.50887643117373
2023-06-12,79.82991491505729,EUR,0.8611755409008073
2023-06-12,79.82991491505729,CLP,961.852543200602
2023-06-13,75.66215628875077,BRL,5.51096165372681
2023-06-13,75.66215628875077,EUR,0.8587928747690509
2023-06-13,75.66215628875077,CLP,962.059869733814
2023-06-14,39.47262090648604,BRL,5.529251904116235
2023-06-14,39.47262090648604,EUR,0.8551577365874765
2023-06-14,39.47262090648604,CLP,958.9199629594342
2023-06-15,58.86901120974103,BRL,5.501744291717416
2023-06-15,58.86901120974103,EUR,0.8611850371282046
2023-06-15,58.86901120974103,CLP,956.9693266809272
2023-06-16,95.54410244495264,BRL,5.477725362242469
2023-06-16,95.54410244495264,EUR,0.8566225438343763
2023-06-16,95.54410244495264,CLP,959.7470438630032
2023-06-17,85.96520077358336,BRL,5.46030188975358
2023-06-17,85.96520077358336,EUR,0.8609696111730313
2023-06-17,85.96520077358336,CLP,958.4967284381328
2023-06-18,98.27203135059752,BRL,5.535413679519192
2023-06-18,98.27203135059752,EUR,0.8601804418487808
2023-06-18,98.27203135059752,CLP,965.4257617234427
2023-06-19,89.11454287312093,BRL,5.546775722393628
2023-06-19,89.11454287312093,EUR,0.8572632067191813
2023-06-19,89.11454287312093,CLP,964.538638216132
2023-06-20,34.9507023965745,BRL,5.482852043745121
2023-06-20,34.9507023965745,EUR,0.8558911900515573
2023-06-20,34.9507023965745,CLP,962.7136958985974
2023-06-21,11.904631576151424,BRL,5.510120580767805
2023-06-21,11.904631576151424,EUR,0.8614378025435256
2023-06-21,11.904631576151424,CLP,959.3171040529548
2023-06-22,67.49565982815432,BRL,5.462108228351541
2023-06-22,67.49565982815432,EUR,0.8593956897461494
2023-06-22,67.49565982815432,CLP,959.2269938438636
2023-06-23,15.719619531724126,BRL,5.478555722763411
2023-06-23,15.719619531724126,EUR,0.8605951142114112
2023-06-23,15.719619531724126,CLP,963.9251623659784
2023-06-24,97.14064457224272,BRL,5.470527756939108
2023-06-24,97.14064457224272,EUR,0.8615576859394576
2023-06-24,97.14064457224272,CLP,958.2924985525456
2023-06-25,91.7265815226171,BRL,5.4698209788427805
2023-06-25,91.7265815226171,EUR,0.8607469185728811
2023-06-25,91.7265815226171,CLP,956.9245265964428
2023-06-26,67.01557038035139,BRL,5.479803284124945
2023-06-26,67.01557038035139,EUR,0.8587350405167866
2023-06-26,67.01557038035139,CLP,958.2929397385352
2023-06-27,94.81199368881114,BRL,5.444708406465023
2023-06-27,94.81199368881114,EUR,0.8554799241861951
2023-06-27,94.81199368881114,CLP,957.7655454974496
2023-06-28,87.73656101528093,BRL,5.518479609954362
2023-06-28,87.73656101528093,EUR,0.855876523541763
2023-06-28,87.73656101528093,CLP,957.8633201410616
2023-06-29,49.60308756542062,BRL,5.481772681130054
2023-06-29,49.60308756542062,EUR,0.8612867070324116
2023-06-29,49.60308756542062,CLP,959.0307340949856
2023-06-30,90.0482420412733,BRL,5.54083369357434
2023-06-30,90.0482420412733,EUR,0.8557154868795507
2023-06-30,90.0482420412733,CLP,960.0800323289088
2023-07-01,85.0780989418679,BRL,5.529942218030775
2023-07-01,85.0780989418679,EUR,0.8563897321292376
2023-07-01,85.0780989418679,CLP,957.2147152082264
2023-07-02,94.40151647682808,BRL,5.507399573236684
2023-07-02,94.40151647682808,EUR,0.8581798692376428
2023-07-02,94.40151647682808,CLP,962.860337077388
2023-07-03,83.15390953954685,BRL,5.484208579911369
2023-07-03,83.15390953954685,EUR,0.8580921668814975
2023-07-03,83.15390953954685,CLP,966.2800899103884
2023-07-04,77.64075269629242,BRL,5.516638300767069
2023-07-04,77.64075269629242,EUR,0.8574121952949808
2023-07-04,77.64075269629242,CLP,957.0530000307224
2023-07-05,34.380525917572776,BRL,5.52246943644701
2023-07-05,34.380525917572776,EUR,0.8584457587576481
2023-07-05,34.380525917572776,CLP,964.992042712144
2023-07-06,73.76684537289007,BRL,5.52569663129999
2023-07-06,73.76684537289007,EUR,0.85723434124776
2023-07-06,73.76684537289007,CLP,965.6643696581154
2023-07-07,99.64351725435516,BRL,5.526141082035834
2023-07-07,99.64351725435516,EUR,0.8607142385968469
2023-07-07,99.64351725435516,CLP,963.3792849942027
2023-07-08,64.00622241101115,BRL,5.547224132200481
2023-07-08,64.00622241101115,EUR,0.8579974144661919
2023-07-08,64.00622241101115,CLP,957.46552229359
2023-07-09,72.4300979340998,BRL,5.526090084191535
2023-07-09,72.4300979340998,EUR,0.8621840504019729
2023-07-09,72.4300979340998,CLP,968.6328919352804
2023-07-10,90.1715804544654,BRL,5.461934761168859
2023-07-10,90.1715804544654,EUR,0.8555939207339529
2023-07-10,90.1715804544654,CLP,961.9773205753488
2023-07-11,91.10598976541225,BRL,5.483581270033227
2023-07-11,91.10598976541225,EUR,0.8621923956970882
2023-07-11,91.10598976541225,CLP,962.2947776721592
2023-07-12,69.1922175213932,BRL,5.492645305131906
2023-07-12,69.1922175213932,EUR,0.8609243391559249
2023-07-12,69.1922175213932,CLP,963.6699308571248
2023-07-13,36.410616916067646,BRL,5.45086668851544
2023-07-13,36.410616916067646,EUR,0.8568492890324597
2023-07-13,36.410616916067646,CLP,964.5565338655704
2023-07-14,27.56116851667245,BRL,5.447794545280491
2023-07-14,27.56116851667245,EUR,0.8614696229881355
2023-07-14,27.56116851667245,CLP,958.7664361084866
2023-07-15,80.56331029719564,BRL,5.460092764837421
2023-07-15,80.56331029719564,EUR,0.8549765448923208
2023-07-15,80.56331029719564,CLP,966.280444169868
2023-07-16,52.0974027915431,BRL,5.552242146173817
2023-07-16,52.0974027915431,EUR,0.856137489988077
2023-07-16,52.0974027915431,CLP,959.6038968280736
2023-07-17,80.73659865860681,BRL,5.473222158696527
2023-07-17,80.73659865860681,EUR,0.8570666450436981
2023-07-17,80.73659865860681,CLP,965.3577569879308
2023-07-18,95.86235335856324,BRL,5.516639676526678
2023-07-18,95.86235335856324,EUR,0.8601516998919113
2023-07-18,95.86235335856324,CLP,963.4578297246588
2023-07-19,92.65952894509417,BRL,5.557278141498483
2023-07-19,92.65952894509417,EUR,0.8620295260140063
2023-07-19,92.65952894509417,CLP,960.4218398513144
2023-07-20,56.01638036173172,BRL,5.501577443375763
2023-07-20,56.01638036173172,EUR,0.8572803885564432
2023-07-20,56.01638036173172,CLP,967.2115241722493
2023-07-21,84.58648229919741,BRL,5.482627842836973
2023-07-21,84.58648229919741,EUR,0.8574309851403501
2023-07-21,84.58648229919741,CLP,964.4918752836076
2023-07-22,64.2846575342966,BRL,5.506050730954623
2023-07-22,64.2846575342966,EUR,0.8562021398436831
2023-07-22,64.2846575342966,CLP,959.333018925237
2023-07-23,43.86416985121778,BRL,5.461112725099008
2023-07-23,43.86416985121778,EUR,0.8555337078658191
2023-07-23,43.86416985121778,CLP,968.0664788740754
2023-07-24,91.57526347389806,BRL,5.468118134000486
2023-07-24,91.57526347389806,EUR,0.8564212658998946
2023-07-24,91.57526347389806,CLP,966.2329443482192
2023-07-25,93.87327943168724,BRL,5.43249135563535
2023-07-25,93.87327943168724,EUR,0.8545262115495721
2023-07-25,93.87327943168724,CLP,957.8379567918744
2023-07-26,87.574154009771,BRL,5.493106822878202
2023-07-26,87.574154009771,EUR,0.8571395102406915
2023-07-26,87.574154009771,CLP,959.5001265086152
2023-07-27,83.35949301256694,BRL,5.467152896932363
2023-07-27,83.35949301256694,EUR,0.8609310003606806
2023-07-27,83.35949301256694,CLP,967.1324118360149
2023-07-28,95.6276559379448,BRL,5.455902357837219
2023-07-28,95.6276559379448,EUR,0.8550204795960751
2023-07-28,95.6276559379448,CLP,966.5709042952332
2023-07-29,56.98221013859803,BRL,5.4790439810644855
2023-07-29,56.98221013859803,EUR,0.8556306769494468
2023-07-29,56.98221013859803,CLP,963.0144561114838
2023-07-30,97.83698994150068,BRL,5.549394175135222
2023-07-30,97.83698994150068,EUR,0.860052684084871
2023-07-30,97.83698994150068,CLP,962.5651548337552
2023-07-31,41.98598786836797,BRL,5.476002955556756
2023-07-31,41.98598786836797,EUR,0.8618544269318603
2023-07-31,41.98598786836797,CLP,958.7515853522618
2023-08-01,39.04176531904399,BRL,5.497589005067788
2023-08-01,39.04176531904399,EUR,0.8602478860632818
2023-08-01,39.04176531904399,CLP,958.1318753219408
2023-08-02,26.03766212516062,BRL,5.493629912604281
2023-08-02,26.03766212516062,EUR,0.8585501452321099
2023-08-02,26.03766212516062,CLP,961.4588253556898
2023-08-03,80.10762840378806,BRL,5.445210388676241
2023-08-03,80.10762840378806,EUR,0.8547211344353781
2023-08-03,80.10762840378806,CLP,968.27618338398
2023-08-04,98.89340657708412,BRL,5.538018918701503
2023-08-04,98.89340657708412,EUR,0.8546602488111282
2023-08-04,98.89340657708412,CLP,963.7076821044624
2023-08-05,33.52638490931885,BRL,5.500399000941867
2023-08-05,33.52638490931885,EUR,0.8613538063521923
2023-08-05,33.52638490931885,CLP,957.4942963946302
2023-08-06,91.7066085811056,BRL,5.526624173841391
2023-08-06,91.7066085811056,EUR,0.8624413481370481
2023-08-06,91.7066085811056,CLP,960.1088313376752
2023-08-07,71.42060482494406,BRL,5.53416431188351
2023-08-07,71.42060482494406,EUR,0.861434511875576
2023-08-07,71.42060482494406,CLP,960.0831906096356
2023-08-08,26.91262115275744,BRL,5.52011447813546
2023-08-08,26.91262115275744,EUR,0.8617369107371374
2023-08-08,26.91262115275744,CLP,964.2953727013428
2023-08-09,79.31959004786866,BRL,5.515402680126902
2023-08-09,79.31959004786866,EUR,0.8559678422488185
2023-08-09,79.31959004786866,CLP,965.2725930183124
2023-08-10,84.61520822449074,BRL,5.562683657934141
2023-08-10,84.61520822449074,EUR,0.8573425467170053
2023-08-10,84.61520822449074,CLP,962.423911590782
2023-08-11,61.89183474664381,BRL,5.492569743959183
2023-08-11,61.89183474664381,EUR,0.8544091455159337
2023-08-11,61.89183474664381,CLP,962.9291355516664
2023-08-12,62.428424677690295,BRL,5.473855248748213
2023-08-12,62.428424677690295,EUR,0.8598431903924691
2023-08-12,62.428424677690295,CLP,967.745103949942
2023-08-13,94.33398806835156,BRL,5.466991630372501
2023-08-13,94.33398806835156,EUR,0.8589812104369663
2023-08-13,94.33398806835156,CLP,962.9684314664707
2023-08-14,24.113425636923225,BRL,5.5488007829635615
2023-08-14,24.113425636923225,EUR,0.8553133250668534
2023-08-14,24.113425636923225,CLP,959.5291437720468
2023-08-15,79.28193174940041,BRL,5.470263279404089
2023-08-15,79.28193174940041,EUR,0.8573496046301106
2023-08-15,79.28193174940041,CLP,960.9550555604806
2023-08-16,37.72072094908179,BRL,5.460027007193238
2023-08-16,37.72072094908179,EUR,0.8571428591808705
2023-08-16,37.72072094908179,CLP,960.2470985475152
2023-08-17,92.63730534901468,BRL,5.535141828529337
2023-08-17,92.63730534901468,EUR,0.8552345449649302
2023-08-17,92.63730534901468,CLP,964.9378940472992
2023-08-18,35.08313635723843,BRL,5.479119316458335
2023-08-18,35.08313635723843,EUR,0.8543981068465968
2023-08-18,35.08313635723843,CLP,963.3683243190586
2023-08-19,44.43489175493342,BRL,5.534136557947426
2023-08-19,44.43489175493342,EUR,0.8561207356150979
2023-08-19,44.43489175493342,CLP,964.8074141729744
2023-08-20,69.5222953671383,BRL,5.456124327081604
2023-08-20,69.5222953671383,EUR,0.854334623378384
2023-08-20,69.5222953671383,CLP,962.5434287861466
2023-08-21,80.57699855347435,BRL,5.495613798509383
2023-08-21,80.57699855347435,EUR,0.8595872110660625
2023-08-21,80.57699855347435,CLP,968.1798601563092
2023-08-22,20.637030758042087,BRL,5.516504679909726
2023-08-22,20.637030758042087,EUR,0.8545015026638297
2023-08-22,20.637030758042087,CLP,964.3801795168808
2023-08-23,79.0004538959524,BRL,5.494828436869241
2023-08-23,79.0004538959524,EUR,0.8600054428275037
2023-08-23,79.0004538959524,CLP,962.2060139874424
2023-08-24,57.185925536018814,BRL,5.438894735429412
2023-08-24,57.185925536018814,EUR,0.8547146452896763
2023-08-24,57.185925536018814,CLP,957.1270066541458
2023-08-25,79.11859001010784,BRL,5.508101943518751
2023-08-25,79.11859001010784,EUR,0.8591803195112059
2023-08-25,79.11859001010784,CLP,958.9898976075916
2023-08-26,30.902181218919143,BRL,5.541689248206452
2023-08-26,30.902181218919143,EUR,0.8570973965018429
2023-08-26,30.902181218919143,CLP,964.7737381960312
2023-08-27,60.57532757989853,BRL,5.5603501742790575
2023-08-27,60.57532757989853,EUR,0.8623047829119411
2023-08-27,60.57532757989853,CLP,967.3860485912866
2023-08-28,61.994209015559306,BRL,5.54954956378298
2023-08-28,61.994209015559306,EUR,0.860049650608904
2023-08-28,61.994209015559306,CLP,958.0546567724376
2023-08-29,96.83743812996272,BRL,5.445612402836048
2023-08-29,96.83743812996272,EUR,0.8593956850090624
2023-08-29,96.83743812996272,CLP,959.0284557616524
2023-08-30,47.69945969065045,BRL,5.490171652814138
2023-08-30,47.69945969065045,EUR,0.8568725048673707
2023-08-30,47.69945969065045,CLP,966.4637619153234
2023-08-31,98.34305422606204,BRL,5.547851252973166
2023-08-31,98.34305422606204,EUR,0.859438290842013
2023-08-31,98.34305422606204,CLP,962.523794141024
2023-09-01,98.51498383593096,BRL,5.545962553127596
2023-09-01,98.51498383593096,EUR,0.8548297559383297
2023-09-01,98.51498383593096,CLP,966.027915568772
2023-09-02,99.13762911269176,BRL,5.542757696011426
2023-09-02,99.13762911269176,EUR,0.8624625396879628
2023-09-02,99.13762911269176,CLP,961.1162269954168
2023-09-03,95.36334427756223,BRL,5.4489196223876535
2023-09-03,95.36334427756223,EUR,0.8543625286151264
2023-09-03,95.36334427756223,CLP,961.8164213090364
2023-09-04,55.20323198841262,BRL,5.434637524263889
2023-09-04,55.20323198841262,EUR,0.8557446714752055
2023-09-04,55.20323198841262,CLP,959.2341319666208
2023-09-05,80.49575988386414,BRL,5.482983670771849
2023-09-05,80.49575988386414,EUR,0.8587394465258532
2023-09-05,80.49575988386414,CLP,968.1620133547174
2023-09-06,77.01276936857104,BRL,5.497511160542549
2023-09-06,77.01276936857104,EUR,0.8620681428283612
2023-09-06,77.01276936857104,CLP,965.6367061371668
2023-09-07,11.388321178300382,BRL,5.54007502227222
2023-09-07,11.388321178300382,EUR,0.8555849233860454
2023-09-07,11.388321178300382,CLP,957.5043702964132
2023-09-08,96.97808806737656,BRL,5.490111077141979
2023-09-08,96.97808806737656,EUR,0.8618295889841744
2023-09-08,96.97808806737656,CLP,968.7639890390884
2023-09-09,96.30840272624134,BRL,5.54310064293243
2023-09-09,96.30840272624134,EUR,0.8557648116978289
2023-09-09,96.30840272624134,CLP,963.0528764093636
2023-09-10,88.81997651010577,BRL,5.489125914192614
2023-09-10,88.81997651010577,EUR,0.8551328507452923
2023-09-10,88.81997651010577,CLP,962.9501204802008
2023-09-11,69.9832570554244,BRL,5.4861130611591165
2023-09-11,69.9832570554244,EUR,0.860949360227541
2023-09-11,69.9832570554244,CLP,961.471132747529
2023-09-12,45.45116499681272,BRL,5.443839439045181
2023-09-12,45.45116499681272,EUR,0.8604652209365315
2023-09-12,45.45116499681272,CLP,966.79293413163
2023-09-13,43.37608344137567,BRL,5.507104451381134
2023-09-13,43.37608344137567,EUR,0.8551611725953999
2023-09-13,43.37608344137567,CLP,958.8127947480064
2023-09-14,63.48754815585264,BRL,5.476034344170606
2023-09-14,63.48754815585264,EUR,0.8578283411998014
2023-09-14,63.48754815585264,CLP,958.2526550321696
2023-09-15,88.44855356627033,BRL,5.52785733632437
2023-09-15,88.44855356627033,EUR,0.8579692167291868
2023-09-15,88.44855356627033,CLP,966.0082186921348
2023-09-16,48.10882765688189,BRL,5.450750692765391
2023-09-16,48.10882765688189,EUR,0.8542687436183425
2023-09-16,48.10882765688189,CLP,967.6467081970742
2023-09-17,33.42497132918005,BRL,5.513983665217846
2023-09-17,33.42497132918005,EUR,0.8600904226312722
2023-09-17,33.42497132918005,CLP,961.5508058527976
2023-09-18,58.42704100112317,BRL,5.435374142896221
2023-09-18,58.42704100112317,EUR,0.8604459873597012
2023-09-18,58.42704100112317,CLP,965.2228695614856
2023-09-19,84.42304215344735,BRL,5.55187742246996
2023-09-19,84.42304215344735,EUR,0.861265274184512
2023-09-19,84.42304215344735,CLP,957.9859676069384
2023-09-20,73.39348299270186,BRL,5.477515184643456
2023-09-20,73.39348299270186,EUR,0.8548923408297583
2023-09-20,73.39348299270186,CLP,960.8435944363875
2023-09-21,46.16216875240004,BRL,5.4842993132304
2023-09-21,46.16216875240004,EUR,0.8583750061591083
2023-09-21,46.16216875240004,CLP,959.440458395596
2023-09-22,68.77152669653891,BRL,5.547085744320258
2023-09-22,68.77152669653891,EUR,0.8569086882838469
2023-09-22,68.77152669653891,CLP,963.1637527213117
2023-09-23,82.09309934520637,BRL,5.512781590428749
2023-09-23,82.09309934520637,EUR,0.8612123320061804
2023-09-23,82.09309934520637,CLP,968.1898109180484
2023-09-24,90.63611650816742,BRL,5.521837818531322
2023-09-24,90.63611650816742,EUR,0.8592003086906902
2023-09-24,90.63611650816742,CLP,968.6703058287432
2023-09-25,65.91909783834312,BRL,5.469419708146313
2023-09-25,65.91909783834312,EUR,0.8574745995482489
2023-09-25,65.91909783834312,CLP,961.6475895354962
2023-09-26,13.69138873701964,BRL,5.5275649540180005
2023-09-26,13.69138873701964,EUR,0.8566553545849795
2023-09-26,13.69138873701964,CLP,964.7057874256157
2023-09-27,31.622882949726478,BRL,5.481127124080503
2023-09-27,31.622882949726478,EUR,0.8572361229172445
2023-09-27,31.622882949726478,CLP,968.4599411944016
2023-09-28,81.75595071430871,BRL,5.545141295416178
2023-09-28,81.75595071430871,EUR,0.8616797480090188
2023-09-28,81.75595071430871,CLP,961.6638513048345
2023-09-29,89.12965611701657,BRL,5.535956320298234
2023-09-29,89.12965611701657,EUR,0.8607514040554175
2023-09-29,89.12965611701657,CLP,966.1859909516348
2023-09-30,51.11057872720353,BRL,5.522451066198238
2023-09-30,51.11057872720353,EUR,0.856642018490366
2023-09-30,51.11057872720353,CLP,961.0868906456814
2023-10-01,99.52227984682308,BRL,5.508600581911398
2023-10-01,99.52227984682308,EUR,0.8569427482776931
2023-10-01,99.52227984682308,CLP,964.502375003598
2023-10-02,85.57232457443443,BRL,5.531383314944707
2023-10-02,85.57232457443443,EUR,0.8554051467516957
2023-10-02,85.57232457443443,CLP,964.1663898704865
2023-10-03,85.3052082932696,BRL,5.491361957083442
2023-10-03,85.3052082932696,EUR,0.8560250690841915
2023-10-03,85.3052082932696,CLP,968.7780046381388
2023-10-04,74.52893921760561,BRL,5.4846978115040015
2023-10-04,74.52893921760561,EUR,0.8624256463030281
2023-10-04,74.52893921760561,CLP,966.4366824341766
2023-10-05,84.00250189537054,BRL,5.459519693704079
2023-10-05,84.00250189537054,EUR,0.8585650677826899
2023-10-05,84.00250189537054,CLP,961.2802613303014
2023-10-06,61.12277736482421,BRL,5.539257742795533
2023-10-06,61.12277736482421,EUR,0.8599063735595032
2023-10-06,61.12277736482421,CLP,968.282207134012
2023-10-07,94.88692662062024,BRL,5.560113663908388
2023-10-07,94.88692662062024,EUR,0.8621401483425872
2023-10-07,94.88692662062024,CLP,967.8087260163808
2023-10-08,64.41508982928323,BRL,5.564231661021331
2023-10-08,64.41508982928323,EUR,0.8546371703671476
2023-10-08,64.41508982928323,CLP,964.1149955766856
2023-10-09,82.08963175880172,BRL,5.517770068064233
2023-10-09,82.08963175880172,EUR,0.8605714564287021
2023-10-09,82.08963175880172,CLP,960.1979972061384
2023-10-10,79.99572994698144,BRL,5.552300634032311
2023-10-10,79.99572994698144,EUR,0.8548720439287218
2023-10-10,79.99572994698144,CLP,957.3683462834246
2023-10-11,96.5052362401452,BRL,5.4726419092147305
2023-10-11,96.5052362401452,EUR,0.8578204299735503
2023-10-11,96.5052362401452,CLP,966.255305303028
2023-10-12,78.13843002177855,BRL,5.480692246052228
2023-10-12,78.13843002177855,EUR,0.8570331932099523
2023-10-12,78.13843002177855,CLP,958.77297606963
2023-10-13,92.00605401891112,BRL,5.506996304580062
2023-10-13,92.00605401891112,EUR,0.8622795788934988
2023-10-13,92.00605401891112,CLP,958.2330599819218
2023-10-14,90.56849417225472,BRL,5.486945468991618
2023-10-14,90.56849417225472,EUR,0.8581386343654529
2023-10-14,90.56849417225472,CLP,965.6698167839846
2023-10-15,97.02074224558066,BRL,5.548606771673332
2023-10-15,97.02074224558066,EUR,0.8613384469110893
2023-10-15,97.02074224558066,CLP,959.6964783309692
2023-10-16,60.98867030380182,BRL,5.505371181348247
2023-10-16,60.98867030380182,EUR,0.8604376231558662
2023-10-16,60.98867030380182,CLP,961.8070465170564
2023-10-17,47.227322621399296,BRL,5.554026859531045
2023-10-17,47.227322621399296,EUR,0.8548172334123288
2023-10-17,47.227322621399296,CLP,962.8795223101636
2023-10-18,12.352945993169683,BRL,5.535352960969649
2023-10-18,12.352945993169683,EUR,0.8544885446526549
2023-10-18,12.352945993169683,CLP,964.5901778044188
2023-10-19,52.87669521702456,BRL,5.498147244428312
2023-10-19,52.87669521702456,EUR,0.8567789363851743
2023-10-19,52.87669521702456,CLP,967.5673237201756
2023-10-20,84.3428969859234,BRL,5.4844786746099645
2023-10-20,84.3428969859234,EUR,0.8620086537333506
2023-10-20,84.3428969859234,CLP,965.725094234822
2023-10-21,77.95835482689928,BRL,5.518069971301636
2023-10-21,77.95835482689928,EUR,0.8555535825089013
2023-10-21,77.95835482689928,CLP,968.7687159593776
2023-10-22,69.77856270148065,BRL,5.563893768692044
2023-10-22,69.77856270148065,EUR,0.8618640922725727
2023-10-22,69.77856270148065,CLP,958.4985500397524
2023-10-23,57.5425265761617,BRL,5.484672841495944
2023-10-23,57.5425265761617,EUR,0.8593544885668133
2023-10-23,57.5425265761617,CLP,965.3183220860616
2023-10-24,86.41801786991356,BRL,5.514813647507625
2023-10-24,86.41801786991356,EUR,0.8567335409664815
2023-10-24,86.41801786991356,CLP,968.3373652974542
2023-10-25,93.8688216542834,BRL,5.540812893268512
2023-10-25,93.8688216542834,EUR,0.8558093105125614
2023-10-25,93.8688216542834,CLP,961.6950053281114
2023-10-26,81.6424284941639,BRL,5.458333889589673
2023-10-26,81.6424284941639,EUR,0.8608095469883031
2023-10-26,81.6424284941639,CLP,967.1298703291122
2023-10-27,79.1628762115595,BRL,5.542096519587975
2023-10-27,79.1628762115595,EUR,0.8572541243733134
2023-10-27,79.1628762115595,CLP,962.1276312758692
2023-10-28,61.42177737804412,BRL,5.533021769036856
2023-10-28,61.42177737804412,EUR,0.8544964420787017
2023-10-28,61.42177737804412,CLP,961.0066026864172
2023-10-29,97.4895334729956,BRL,5.5184312086165
2023-10-29,97.4895334729956,EUR,0.8604636741994965
2023-10-29,97.4895334729956,CLP,958.2856583595624
2023-10-30,93.371283140831,BRL,5.513467945938175
2023-10-30,93.371283140831,EUR,0.8564208609739735
2023-10-30,93.371283140831,CLP,963.20032350262
2023-10-31,95.317816375883,BRL,5.528716821129077
2023-10-31,95.317816375883,EUR,0.8546510884975792
2023-10-31,95.317816375883,CLP,958.6610683121396
2023-11-01,95.40427082188768,BRL,5.551082340656913
2023-11-01,95.40427082188768,EUR,0.8576347409887826
2023-11-01,95.40427082188768,CLP,967.5381782807108
2023-11-02,65.7322365759024,BRL,5.482663167651992
2023-11-02,65.7322365759024,EUR,0.8577167607654976
2023-11-02,65.7322365759024,CLP,957.136434955431
2023-11-03,65.89569162150345,BRL,5.501129506317467
2023-11-03,65.89569162150345,EUR,0.8549627827087872
2023-11-03,65.89569162150345,CLP,968.037663066558
2023-11-04,87.33553087499347,BRL,5.560180910392315
2023-11-04,87.33553087499347,EUR,0.8586036867359164
2023-11-04,87.33553087499347,CLP,960.4484351436222
2023-11-05,45.55678924541015,BRL,5.486066399282533
2023-11-05,45.55678924541015,EUR,0.8604554543131606
2023-11-05,45.55678924541015,CLP,962.3829894186686
2023-11-06,65.94887631135131,BRL,5.4970227409651535
2023-11-06,65.94887631135131,EUR,0.8620435023000679
2023-11-06,65.94887631135131,CLP,968.6508110393838
2023-11-07,11.675037066848711,BRL,5.530117082256552
2023-11-07,11.675037066848711,EUR,0.8578379344286577
2023-11-07,11.675037066848711,CLP,961.2910815605636
2023-11-08,79.94661540246105,BRL,5.534984229840882
2023-11-08,79.94661540246105,EUR,0.8542952841744407
2023-11-08,79.94661540246105,CLP,963.3616345418004
2023-11-09,54.594408208029,BRL,5.5514669217929296
2023-11-09,54.594408208029,EUR,0.8623631282832315
2023-11-09,54.594408208029,CLP,959.3530623949252
2023-11-10,60.12291611123089,BRL,5.435021500290666
2023-11-10,60.12291611123089,EUR,0.8599225159038039
2023-11-10,60.12291611123089,CLP,958.439061189541
2023-11-11,65.68548871067229,BRL,5.507209548808562
2023-11-11,65.68548871067229,EUR,0.862274444958706
2023-11-11,65.68548871067229,CLP,960.0630707906312
2023-11-12,95.32797692854906,BRL,5.530157316119399
2023-11-12,95.32797692854906,EUR,0.8578296436015649
2023-11-12,95.32797692854906,CLP,961.0443464676782
2023-11-13,70.99166878462515,BRL,5.528540928755223
2023-11-13,70.99166878462515,EUR,0.8552532672316363
2023-11-13,70.99166878462515,CLP,962.3706401757314
2023-11-14,99.12710388871928,BRL,5.554213792661877
2023-11-14,99.12710388871928,EUR,0.8618667048599865
2023-11-14,99.12710388871928,CLP,961.5020911464892
2023-11-15,61.32789329101657,BRL,5.484683055034755
2023-11-15,61.32789329101657,EUR,0.8580512432991397
2023-11-15,61.32789329101657,CLP,966.2156334238518
2023-11-16,78.56169185802375,BRL,5.527591707511119
2023-11-16,78.56169185802375,EUR,0.8544328643097199
2023-11-16,78.56169185802375,CLP,961.9162548723752
2023-11-17,73.54654138890686,BRL,5.479595836419972
2023-11-17,73.54654138890686,EUR,0.8577530749706042
2023-11-17,73.54654138890686,CLP,960.7474422861654
2023-11-18,97.76392535007344,BRL,5.4844400837813705
2023-11-18,97.76392535007344,EUR,0.8617326179317442
2023-11-18,97.76392535007344,CLP,968.817477781247
2023-11-19,64.48585234517594,BRL,5.438763956453558
2023-11-19,64.48585234517594,EUR,0.8545851913116222
2023-11-19,64.48585234517594,CLP,968.2071812491272
2023-11-20,4.7653006802929045,BRL,5.557260849315813
2023-11-20,4.7653006802929045,EUR,0.8557031722908576
2023-11-20,4.7653006802929045,CLP,965.4544260100346
2023-11-21,82.06386789171042,BRL,5.531508214501841
2023-11-21,82.06386789171042,EUR,0.8582354095427082
2023-11-21,82.06386789171042,CLP,965.9419031639276
2023-11-22,64.14788631530448,BRL,5.519358473744739
2023-11-22,64.14788631530448,EUR,0.8617689013840398
2023-11-22,64.14788631530448,CLP,964.938247457625
2023-11-23,82.43367167597961,BRL,5.447815239253695
2023-11-23,82.43367167597961,EUR,0.8588321534300882
2023-11-23,82.43367167597961,CLP,957.6216245587264
2023-11-24,86.85268392816218,BRL,5.560846927183728
2023-11-24,86.85268392816218,EUR,0.8565970800416725
2023-11-24,86.85268392816218,CLP,964.88200912308
2023-11-25,70.5817932879028,BRL,5.507019833654813
2023-11-25,70.5817932879028,EUR,0.8608914896764805
2023-11-25,70.5817932879028,CLP,968.5502120859354
2023-11-26,19.13678920471233,BRL,5.548072096780046
2023-11-26,19.13678920471233,EUR,0.8587734187916922
2023-11-26,19.13678920471233,CLP,958.1262633761804
2023-11-27,69.05342827196094,BRL,5.533772022158093
2023-11-27,69.05342827196094,EUR,0.8568547302126587
2023-11-27,69.05342827196094,CLP,963.2816838197632
2023-11-28,60.43006405871594,BRL,5.561595142735186
2023-11-28,60.43006405871594,EUR,0.8584268622108062
2023-11-28,60.43006405871594,CLP,965.52624438948
2023-11-29,33.40569428885574,BRL,5.527858580877442
2023-11-29,33.40569428885574,EUR,0.8621159245172167
2023-11-29,33.40569428885574,CLP,960.9828752772868
2023-11-30,41.56676985092707,BRL,5.474618846162996
2023-11-30,41.56676985092707,EUR,0.8602358482209994
2023-11-30,41.56676985092707,CLP,959.0892885282498
2023-12-01,99.36234743879191,BRL,5.487059300959529
2023-12-01,99.36234743879191,EUR,0.858479070731141
2023-12-01,99.36234743879191,CLP,962.9999314026128
2023-12-02,16.485305836481096,BRL,5.533228764708372
2023-12-02,16.485305836481096,EUR,0.8564669340013438
2023-12-02,16.485305836481096,CLP,966.5000777289551
2023-12-03,65.86370140541274,BRL,5.45036247206795
2023-12-03,65.86370140541274,EUR,0.8620467075774673
2023-12-03,65.86370140541274,CLP,957.838217772507
2023-12-04,87.55167816296192,BRL,5.493121515717753
2023-12-04,87.55167816296192,EUR,0.8600246645953505
2023-12-04,87.55167816296192,CLP,961.5623450087444
2023-12-05,60.61844966308154,BRL,5.5574385145915794
2023-12-05,60.61844966308154,EUR,0.8603765389365854
2023-12-05,60.61844966308154,CLP,958.7889542779444
2023-12-06,96.28418942975688,BRL,5.4835181407865
2023-12-06,96.28418942975688,EUR,0.8601028633132745
2023-12-06,96.28418942975688,CLP,959.0727187284948
2023-12-07,32.84912361706665,BRL,5.498401921248022
2023-12-07,32.84912361706665,EUR,0.8590945526333121
2023-12-07,32.84912361706665,CLP,963.0840184554878
2023-12-08,88.58511354612442,BRL,5.474546438862048
2023-12-08,88.58511354612442,EUR,0.8549353176545862
2023-12-08,88.58511354612442,CLP,957.3225443821456
2023-12-09,61.98824225258986,BRL,5.483039261295225
2023-12-09,61.98824225258986,EUR,0.8543074304831203
2023-12-09,61.98824225258986,CLP,962.2012463346316
2023-12-10,49.70919285079864,BRL,5.544777253497811
2023-12-10,49.70919285079864,EUR,0.8615978331486396
2023-12-10,49.70919285079864,CLP,958.5203054112468
2023-12-11,58.31246966499842,BRL,5.474339304587963
2023-12-11,58.31246966499842,EUR,0.861385628295061
2023-12-11,58.31246966499842,CLP,964.1168394493416
2023-12-12,75.55867641071742,BRL,5.520419422127104
2023-12-12,75.55867641071742,EUR,0.8548987961551908
2023-12-12,75.55867641071742,CLP,959.4408627963536
2023-12-13,59.955367667243735,BRL,5.495013645655159
2023-12-13,59.955367667243735,EUR,0.8613449902057084
2023-12-13,59.955367667243735,CLP,961.4456775413385
2023-12-14,95.33392514706496,BRL,5.481964875461412
2023-12-14,95.33392514706496,EUR,0.8592925362400491
2023-12-14,95.33392514706496,CLP,964.2397995493616
2023-12-15,95.75207900159144,BRL,5.4334111466121975
2023-12-15,95.75207900159144,EUR,0.856931038544758
2023-12-15,95.75207900159144,CLP,964.7142107237188
2023-12-16,80.39879155565912,BRL,5.446113088162973
2023-12-16,80.39879155565912,EUR,0.8596188766300766
2023-12-16,80.39879155565912,CLP,959.0879647886452
2023-12-17,40.914345174983495,BRL,5.432188572714859
2023-12-17,40.914345174983495,EUR,0.8578141786988188
2023-12-17,40.914345174983495,CLP,963.1878167091586
2023-12-18,76.00538439535126,BRL,5.563422096798119
2023-12-18,76.00538439535126,EUR,0.8543293292840863
2023-12-18,76.00538439535126,CLP,959.9393696293188
2023-12-19,90.51606665847928,BRL,5.505206832172689
2023-12-19,90.51606665847928,EUR,0.8553677520351757
2023-12-19,90.51606665847928,CLP,959.5366795726112
2023-12-20,88.43812791896201,BRL,5.483190044560672
2023-12-20,88.43812791896201,EUR,0.8548842843553129
2023-12-20,88.43812791896201,CLP,966.8989494658832
2023-12-21,53.33691771358488,BRL,5.561372522367496
2023-12-21,53.33691771358488,EUR,0.8582578807789245
2023-12-21,53.33691771358488,CLP,959.573963392988
2023-12-22,93.57833713798614,BRL,5.436623437068966
2023-12-22,93.57833713798614,EUR,0.856398477101044
2023-12-22,93.57833713798614,CLP,959.3742539480896
2023-12-23,72.16683781388056,BRL,5.511811566377679
2023-12-23,72.16683781388056,EUR,0.8547315782683084
2023-12-23,72.16683781388056,CLP,967.0788942738998
2023-12-24,73.42656826994734,BRL,5.433798552546719
2023-12-24,73.42656826994734,EUR,0.8543241390961237
2023-12-24,73.42656826994734,CLP,959.2544620561846
2023-12-25,74.22223647595065,BRL,5.5164024556161095
2023-12-25,74.22223647595065,EUR,0.8571270114706533
2023-12-25,74.22223647595065,CLP,961.4848582344064
2023-12-26,80.95708263407232,BRL,5.552352720411852
2023-12-26,80.95708263407232,EUR,0.8554141379504133
2023-12-26,80.95708263407232,CLP,967.5374475894216
2023-12-27,23.67728872409118,BRL,5.46617667834898
2023-12-27,23.67728872409118,EUR,0.8571794318199449
2023-12-27,23.67728872409118,CLP,959.1283566851872
2023-12-28,45.10629864958293,BRL,5.561703138152255
2023-12-28,45.10629864958293,EUR,0.8605690243745295
2023-12-28,45.10629864958293,CLP,964.6645188493894
2023-12-29,61.35187011220288,BRL,5.508776787872304
2023-12-29,61.35187011220288,EUR,0.8590621063372984
2023-12-29,61.35187011220288,CLP,964.81736295137
2023-12-30,39.34606292759385,BRL,5.433471447419881
2023-12-30,39.34606292759385,EUR,0.8614723748868642
2023-12-30,39.34606292759385,CLP,968.5653943794036
2023-12-31,81.42677381692525,BRL,5.437586751731046
2023-12-31,81.42677381692525,EUR,0.8594000053686002
2023-12-31,81.42677381692525,CLP,959.81086097182
2024-01-01,60.078935159676135,BRL,5.496616700002027
2024-01-01,60.078935159676135,EUR,0.8569877722795877
2024-01-01,60.078935159676135,CLP,967.80028939085
2024-01-02,92.14555261408852,BRL,5.558928750309237
2024-01-02,92.14555261408852,EUR,0.8621395121042179
2024-01-02,92.14555261408852,CLP,963.8392135622416
2024-01-03,61.04094123853182,BRL,5.516199218171503
2024-01-03,61.04094123853182,EUR,0.8564150490830572
2024-01-03,61.04094123853182,CLP,964.8573400649684
2024-01-04,88.39775241356439,BRL,5.56118037745152
2024-01-04,88.39775241356439,EUR,0.8622848631004333
2024-01-04,88.39775241356439,CLP,967.3070954149116
2024-01-05,62.04770613343248,BRL,5.554972675227033
2024-01-05,62.04770613343248,EUR,0.856512407644441
2024-01-05,62.04770613343248,CLP,956.9515361247994
2024-01-06,78.24771237702566,BRL,5.55921033658956
2024-01-06,78.24771237702566,EUR,0.861488682209475
2024-01-06,78.24771237702566,CLP,963.1783090760596
2024-01-07,99.68123799311138,BRL,5.500899323860225
2024-01-07,99.68123799311138,EUR,0.8565198931561964
2024-01-07,99.68123799311138,CLP,966.6586621200806
2024-01-08,63.906283990287214,BRL,5.551348097351901
2024-01-08,63.906283990287214,EUR,0.8569453468087586
2024-01-08,63.906283990287214,CLP,958.8903731776468
2024-01-09,98.70594944029088,BRL,5.518190079527894
2024-01-09,98.70594944029088,EUR,0.8608718547727527
2024-01-09,98.70594944029088,CLP,964.0551992765712
2024-01-10,84.5380540693778,BRL,5.504132413973142
2024-01-10,84.5380540693778,EUR,0.8547753497389249
2024-01-10,84.5380540693778,CLP,964.1129946972484
2024-01-11,56.4912361362947,BRL,5.529482695857865
2024-01-11,56.4912361362947,EUR,0.856123284471499
2024-01-11,56.4912361362947,CLP,963.4618509016354
2024-01-12,94.55614916449406,BRL,5.466943093947904
2024-01-12,94.55614916449406,EUR,0.8563519470932751
2024-01-12,94.55614916449406,CLP,963.403091359396
2024-01-13,95.25330558758267,BRL,5.491557529158074
2024-01-13,95.25330558758267,EUR,0.8575076349436496
2024-01-13,95.25330558758267,CLP,966.6616242986616
2024-01-14,81.69780841741151,BRL,5.437852147940489
2024-01-14,81.69780841741151,EUR,0.8620328274279139
2024-01-14,81.69780841741151,CLP,968.34844722276
2024-01-15,94.2101804139158,BRL,5.4860751221223945
2024-01-15,94.2101804139158,EUR,0.8578328440279533
2024-01-15,94.2101804139158,CLP,957.3233558497506
2024-01-16,65.66658944427353,BRL,5.563863338917795
2024-01-16,65.66658944427353,EUR,0.8611771532200042
2024-01-16,65.66658944427353,CLP,964.5796473151764
2024-01-17,80.30199617690717,BRL,5.490035753329446
2024-01-17,80.30199617690717,EUR,0.8617778475476391
2024-01-17,80.30199617690717,CLP,965.5930531535596
2024-01-18,51.13604446971074,BRL,5.4423229737094845
2024-01-18,51.13604446971074,EUR,0.8604040105997777
2024-01-18,51.13604446971074,CLP,961.4827148210315
2024-01-19,93.94315300974316,BRL,5.446174086962145
2024-01-19,93.94315300974316,EUR,0.8556777624979529
2024-01-19,93.94315300974316,CLP,958.0170585607156
2024-01-20,37.42701798459205,BRL,5.519406286967518
2024-01-20,37.42701798459205,EUR,0.8613181177876696
2024-01-20,37.42701798459205,CLP,957.973808645504
2024-01-21,89.86931103092512,BRL,5.455357601819257
2024-01-21,89.86931103092512,EUR,0.855554342306762
2024-01-21,89.86931103092512,CLP,960.9616375870844
2024-01-22,83.96643749450062,BRL,5.553949331963448
2024-01-22,83.96643749450062,EUR,0.8567304249030222
2024-01-22,83.96643749450062,CLP,960.8146353028466
2024-01-23,88.9359180780596,BRL,5.514012684273562
2024-01-23,88.9359180780596,EUR,0.859204784686914
2024-01-23,88.9359180780596,CLP,961.029115479344
2024-01-24,54.758816093164434,BRL,5.514343991493192
2024-01-24,54.758816093164434,EUR,0.8567976937970528
2024-01-24,54.758816093164434,CLP,967.2878492083978
2024-01-25,92.50025115449829,BRL,5.4882082428334105
2024-01-25,92.50025115449829,EUR,0.857511253023471
2024-01-25,92.50025115449829,CLP,965.9095613012948
2024-01-26,95.82280794400738,BRL,5.563755077591805
2024-01-26,95.82280794400738,EUR,0.8549254547778273
2024-01-26,95.82280794400738,CLP,965.5074607896476
2024-01-27,81.53153044760246,BRL,5.547093479069215
2024-01-27,81.53153044760246,EUR,0.8542744973579152
2024-01-27,81.53153044760246,CLP,967.0245262560452
2024-01-28,75.48415925670473,BRL,5.476921977026796
2024-01-28,75.48415925670473,EUR,0.8580378107742422
2024-01-28,75.48415925670473,CLP,963.9887011352408
2024-01-29,56.9081242424016,BRL,5.49906416077073
2024-01-29,56.9081242424016,EUR,0.8570454283576527
2024-01-29,56.9081242424016,CLP,960.9170771083392
2024-01-30,79.45940100158634,BRL,5.535482905846992
2024-01-30,79.45940100158634,EUR,0.8546026031336754
2024-01-30,79.45940100158634,CLP,962.5673686070236
2024-01-31,27.96723350536862,BRL,5.495832053229412
2024-01-31,27.96723350536862,EUR,0.8591309648452572
2024-01-31,27.96723350536862,CLP,957.374200327086
2024-02-01,77.83208465182567,BRL,5.51358824250891
2024-02-01,77.83208465182567,EUR,0.8556277971446392
2024-02-01,77.83208465182567,CLP,964.6883581876488
2024-02-02,85.2461499414712,BRL,5.510209022852449
2024-02-02,85.2461499414712,EUR,0.8557187435896131
2024-02-02,85.2461499414712,CLP,964.480331068077
2024-02-03,86.63189097320553,BRL,5.475729284407103
2024-02-03,86.63189097320553,EUR,0.860636812692308
2024-02-03,86.63189097320553,CLP,958.5414267101546
2024-02-04,86.49852241006366,BRL,5.561731988269814
2024-02-04,86.49852241006366,EUR,0.8591129154137557
2024-02-04,86.49852241006366,CLP,961.5741230752432
2024-02-05,47.98219748948344,BRL,5.4917804991469295
2024-02-05,47.98219748948344,EUR,0.8597155899510046
2024-02-05,47.98219748948344,CLP,961.8192867834936
2024-02-06,98.91475887341126,BRL,5.468554745313396
2024-02-06,98.91475887341126,EUR,0.8597773114581873
2024-02-06,98.91475887341126,CLP,960.1274498734788
2024-02-07,69.4192212766575,BRL,5.503609875164333
2024-02-07,69.4192212766575,EUR,0.8617665465086103
2024-02-07,69.4192212766575,CLP,968.2641750008652
2024-02-08,88.5921697227322,BRL,5.488835187520607
2024-02-08,88.5921697227322,EUR,0.8551980701862516
2024-02-08,88.5921697227322,CLP,959.5723386204378
2024-02-09,34.36906367548219,BRL,5.511232983503009
2024-02-09,34.36906367548219,EUR,0.8588604412102151
2024-02-09,34.36906367548219,CLP,967.7645542111871
2024-02-10,98.55260419492272,BRL,5.500302515250817
2024-02-10,98.55260419492272,EUR,0.8620220019064924
2024-02-10,98.55260419492272,CLP,968.8230821150167
2024-02-11,46.0252148015496,BRL,5.523184376949862
2024-02-11,46.0252148015496,EUR,0.8619102258231367
2024-02-11,46.0252148015496,CLP,959.036186956629
2024-02-12,97.68294178769057,BRL,5.489731074053113
2024-02-12,97.68294178769057,EUR,0.8607610934715876
2024-02-12,97.68294178769057,CLP,967.4638575387931
2024-02-13,85.85947248992501,BRL,5.545078901931802
2024-02-13,85.85947248992501,EUR,0.8559010788100261
2024-02-13,85.85947248992501,CLP,963.8093621007928
2024-02-14,33.60910960352477,BRL,5.517140760809602
2024-02-14,33.60910960352477,EUR,0.8586579249249312
2024-02-14,33.60910960352477,CLP,963.6331700764852
2024-02-15,41.19657697497803,BRL,5.483878844237694
2024-02-15,41.19657697497803,EUR,0.856917448703457
2024-02-15,41.19657697497803,CLP,967.132067797976
2024-02-16,68.54050749995592,BRL,5.471238645284752
2024-02-16,68.54050749995592,EUR,0.8616831994646643
2024-02-16,68.54050749995592,CLP,967.028709974868
2024-02-17,67.1672585454571,BRL,5.5406619124380985
2024-02-17,67.1672585454571,EUR,0.8571357809181986
2024-02-17,67.1672585454571,CLP,957.137344075527
2024-02-18,75.21544472814108,BRL,5.448428248462691
2024-02-18,75.21544472814108,EUR,0.8542692685326828
2024-02-18,75.21544472814108,CLP,963.4353882506264
2024-02-19,61.49669418917484,BRL,5.461152262102693
2024-02-19,61.49669418917484,EUR,0.8543684910878517
2024-02-19,61.49669418917484,CLP,967.5048121237118
2024-02-20,60.46658506540779,BRL,5.489046803119678
2024-02-20,60.46658506540779,EUR,0.8606944257974637
2024-02-20,60.46658506540779,CLP,963.320134502422
2024-02-21,79.6516389719507,BRL,5.513083079896297
2024-02-21,79.6516389719507,EUR,0.855564694924951
2024-02-21,79.6516389719507,CLP,957.2928586592022
2024-02-22,95.31492658800656,BRL,5.533726036618216
2024-02-22,95.31492658800656,EUR,0.8604167247928103
2024-02-22,95.31492658800656,CLP,967.9061845835762
2024-02-23,98.82336076220646,BRL,5.462962246563531
2024-02-23,98.82336076220646,EUR,0.8622978282665094
2024-02-23,98.82336076220646,CLP,958.4506221974052
2024-02-24,96.80235037980044,BRL,5.534532939079172
2024-02-24,96.80235037980044,EUR,0.8602769489888603
2024-02-24,96.80235037980044,CLP,964.2571033803368
2024-02-25,93.0829838173344,BRL,5.546928912502183
2024-02-25,93.0829838173344,EUR,0.8569378046610239
2024-02-25,93.0829838173344,CLP,960.5198232237032
2024-02-26,93.49639797875447,BRL,5.485550443312601
2024-02-26,93.49639797875447,EUR,0.855851386807101
2024-02-26,93.49639797875447,CLP,964.805364957171
2024-02-27,4.439608133309991,BRL,5.483863686375975
2024-02-27,4.439608133309991,EUR,0.8574508758697503
2024-02-27,4.439608133309991,CLP,957.9420401441912
2024-02-28,73.60265965006828,BRL,5.546087638168497
2024-02-28,73.60265965006828,EUR,0.8611672116990297
2024-02-28,73.60265965006828,CLP,964.7831163990902
2024-02-29,80.98502590505451,BRL,5.552544341535828
2024-02-29,80.98502590505451,EUR,0.8556348048684385
2024-02-29,80.98502590505451,CLP,959.034513095372
2024-03-01,43.584276593388935,BRL,5.488973296411329
2024-03-01,43.584276593388935,EUR,0.8571444603546919
2024-03-01,43.584276593388935,CLP,967.8576641903168
2024-03-02,85.94075918509625,BRL,5.4958984216851405
2024-03-02,85.94075918509625,EUR,0.857601674731394
2024-03-02,85.94075918509625,CLP,967.5329247224884
2024-03-03,84.61287844816331,BRL,5.4909714493958095
2024-03-03,84.61287844816331,EUR,0.8594867474966884
2024-03-03,84.61287844816331,CLP,964.995805341767
2024-03-04,94.55557253481815,BRL,5.528923208996734
2024-03-04,94.55557253481815,EUR,0.8584496561786719
2024-03-04,94.55557253481815,CLP,961.0243378624089
2024-03-05,71.51321036703823,BRL,5.441296545896995
2024-03-05,71.51321036703823,EUR,0.8549632145509445
2024-03-05,71.51321036703823,CLP,965.4788628063526
2024-03-06,98.03083892308698,BRL,5.468267363883064
2024-03-06,98.03083892308698,EUR,0.8596337630653675
2024-03-06,98.03083892308698,CLP,960.8548966242836
2024-03-07,66.3987819898556,BRL,5.555986391736001
2024-03-07,66.3987819898556,EUR,0.857051533634565
2024-03-07,66.3987819898556,CLP,958.2344423694497
2024-03-08,62.24182138453108,BRL,5.49066979028113
2024-03-08,62.24182138453108,EUR,0.8593869993810401
2024-03-08,62.24182138453108,CLP,968.240249151332
2024-03-09,93.54833042540722,BRL,5.538721730238936
2024-03-09,93.54833042540722,EUR,0.8548574421238779
2024-03-09,93.54833042540722,CLP,958.3677558911098
2024-03-10,99.38177358010547,BRL,5.461600817646489
2024-03-10,99.38177358010547,EUR,0.8565020345345156
2024-03-10,99.38177358010547,CLP,959.3216908297468
2024-03-11,60.139336640113925,BRL,5.433768574344029
2024-03-11,60.139336640113925,EUR,0.8608001224930998
2024-03-11,60.139336640113925,CLP,968.0327254316971
2024-03-12,38.84540236680761,BRL,5.482219956249723
2024-03-12,38.84540236680761,EUR,0.8616580194931028
2024-03-12,38.84540236680761,CLP,963.0291659962794
2024-03-13,96.2459401776933,BRL,5.49334204547722
2024-03-13,96.2459401776933,EUR,0.857006576208377
2024-03-13,96.2459401776933,CLP,968.9306886655326
2024-03-14,87.30372931250649,BRL,5.4589307799891
2024-03-14,87.30372931250649,EUR,0.8568147246172015
2024-03-14,87.30372931250649,CLP,968.2802770087136
2024-03-15,84.42660353504277,BRL,5.435409460485228
2024-03-15,84.42660353504277,EUR,0.8586870895064527
2024-03-15,84.42660353504277,CLP,963.911436273767
2024-03-16,97.32007116326528,BRL,5.471016195668026
2024-03-16,97.32007116326528,EUR,0.8624632777294394
2024-03-16,97.32007116326528,CLP,967.7481162294004
2024-03-17,56.95286579247643,BRL,5.445105584824726
2024-03-17,56.95286579247643,EUR,0.8575803474227567
2024-03-17,56.95286579247643,CLP,957.8915845121276
2024-03-18,51.189752954699806,BRL,5.453093969933681
2024-03-18,51.189752954699806,EUR,0.8565929473463931
2024-03-18,51.189752954699806,CLP,961.8129795623088
2024-03-19,29.07589820671713,BRL,5.508609211782529
2024-03-19,29.07589820671713,EUR,0.8599489560232527
2024-03-19,29.07589820671713,CLP,966.40469368839
2024-03-20,78.57040321330375,BRL,5.533371604548976
2024-03-20,78.57040321330375,EUR,0.8616313977619862
2024-03-20,78.57040321330375,CLP,963.1536460425332
2024-03-21,35.76176879829272,BRL,5.455365626825213
2024-03-21,35.76176879829272,EUR,0.8622704374810058
2024-03-21,35.76176879829272,CLP,963.5417855806968
2024-03-22,98.85147752768188,BRL,5.537205664544685
2024-03-22,98.85147752768188,EUR,0.8603366098947218
2024-03-22,98.85147752768188,CLP,964.171061442302
2024-03-23,48.92033871835012,BRL,5.471088016787281
2024-03-23,48.92033871835012,EUR,0.8623650990481644
2024-03-23,48.92033871835012,CLP,966.5778110985904
2024-03-24,57.380491117517046,BRL,5.47259881688354
2024-03-24,57.380491117517046,EUR,0.8578289077336557
2024-03-24,57.380491117517046,CLP,960.1356780082098
2024-03-25,97.65799999972523,BRL,5.497556459572633
2024-03-25,97.65799999972523,EUR,0.8592226163927964
2024-03-25,97.65799999972523,CLP,961.6575632726536
2024-03-26,88.18330188862514,BRL,5.475169596356454
2024-03-26,88.18330188862514,EUR,0.8598619856480677
2024-03-26,88.18330188862514,CLP,967.3679443891148
2024-03-27,89.07596569917261,BRL,5.486563867760821
2024-03-27,89.07596569917261,EUR,0.8553433118239169
2024-03-27,89.07596569917261,CLP,968.497536485514
2024-03-28,97.50596635173076,BRL,5.519153393222497
2024-03-28,97.50596635173076,EUR,0.8622912890012105
2024-03-28,97.50596635173076,CLP,967.674814026176
2024-03-29,85.2311104425612,BRL,5.478752442840338
2024-03-29,85.2311104425612,EUR,0.8559775491291943
2024-03-29,85.2311104425612,CLP,966.4592622381504
2024-03-30,45.57266907007681,BRL,5.441858861675998
2024-03-30,45.57266907007681,EUR,0.8568922083271018
2024-03-30,45.57266907007681,CLP,967.5064302445692
2024-03-31,94.14123052160572,BRL,5.463519346906489
2024-03-31,94.14123052160572,EUR,0.859930735479824
2024-03-31,94.14123052160572,CLP,963.3775349300636
2024-04-01,28.122084742313607,BRL,5.461503632855396
2024-04-01,28.122084742313607,EUR,0.8596252687073475
2024-04-01,28.122084742313607,CLP,960.244421779169
2024-04-02,61.40718054726029,BRL,5.474792402045699
2024-04-02,61.40718054726029,EUR,0.8556726748954763
2024-04-02,61.40718054726029,CLP,968.028928021159
2024-04-03,79.73036148651055,BRL,5.456442781428062
2024-04-03,79.73036148651055,EUR,0.8608277906082095
2024-04-03,79.73036148651055,CLP,960.9183919463436
2024-04-04,96.47039598766412,BRL,5.468700072060447
2024-04-04,96.47039598766412,EUR,0.8568531457127501
2024-04-04,96.47039598766412,CLP,956.8952385895724
2024-04-05,97.90372535142224,BRL,5.50732352414296
2024-04-05,97.90372535142224,EUR,0.8569499477463758
2024-04-05,97.90372535142224,CLP,958.2762216638656
2024-04-06,52.60469388303103,BRL,5.5347286469184285
2024-04-06,52.60469388303103,EUR,0.8602537089572866
2024-04-06,52.60469388303103,CLP,958.7254293986812
2024-04-07,77.20016170383205,BRL,5.522048525209813
2024-04-07,77.20016170383205,EUR,0.8558625554370618
2024-04-07,77.20016170383205,CLP,966.876599983504
2024-04-08,48.14704959920192,BRL,5.547984171467278
2024-04-08,48.14704959920192,EUR,0.8577154634974683
2024-04-08,48.14704959920192,CLP,958.7417831499783
2024-04-09,63.09180381874789,BRL,5.510552264335654
2024-04-09,63.09180381874789,EUR,0.8593274183974761
2024-04-09,63.09180381874789,CLP,962.2332849538724
2024-04-10,40.24951990047978,BRL,5.48638469094988
2024-04-10,40.24951990047978,EUR,0.8581416543153801
2024-04-10,40.24951990047978,CLP,967.2943489487344
2024-04-11,84.6540417190312,BRL,5.462052814686979
2024-04-11,84.6540417190312,EUR,0.8591637466304417
2024-04-11,84.6540417190312,CLP,957.0203927350684
2024-04-12,93.69335565109034,BRL,5.537084541059923
2024-04-12,93.69335565109034,EUR,0.8585243932581894
2024-04-12,93.69335565109034,CLP,961.0947545081063
2024-04-13,83.3370405995841,BRL,5.456090736426021
2024-04-13,83.3370405995841,EUR,0.861554854877743
2024-04-13,83.3370405995841,CLP,964.4489369537046
2024-04-14,95.16977954514552,BRL,5.486213783516114
2024-04-14,95.16977954514552,EUR,0.8609052773394507
2024-04-14,95.16977954514552,CLP,960.1727929562214
2024-04-15,75.50937806897105,BRL,5.455144301387257
2024-04-15,75.50937806897105,EUR,0.8609863062666578
2024-04-15,75.50937806897105,CLP,959.4495191760384
2024-04-16,9.2123182669206,BRL,5.541688304005552
2024-04-16,9.2123182669206,EUR,0.8587590894044724
2024-04-16,9.2123182669206,CLP,965.4912356101072
2024-04-17,12.163091196941368,BRL,5.438747341334036
2024-04-17,12.163091196941368,EUR,0.8598965902717012
2024-04-17,12.163091196941368,CLP,964.6178325727676
2024-04-18,69.06327843790943,BRL,5.473171964497712
2024-04-18,69.06327843790943,EUR,0.8612255098951735
2024-04-18,69.06327843790943,CLP,961.4775372153454
2024-04-19,52.63647153982581,BRL,5.474556291961106
2024-04-19,52.63647153982581,EUR,0.8542722880700153
2024-04-19,52.63647153982581,CLP,968.8998539313236
2024-04-20,68.734339641187,BRL,5.507442984064868
2024-04-20,68.734339641187,EUR,0.862332302416492
2024-04-20,68.734339641187,CLP,967.3795478304856
2024-04-21,72.67030320666541,BRL,5.53854113386341
2024-04-21,72.67030320666541,EUR,0.86126579656707
2024-04-21,72.67030320666541,CLP,963.8359537845296
2024-04-22,89.29757734786558,BRL,5.559068929685962
2024-04-22,89.29757734786558,EUR,0.8591670625727843
2024-04-22,89.29757734786558,CLP,960.0394855211136
2024-04-23,90.00050823887366,BRL,5.454016746638356
2024-04-23,90.00050823887366,EUR,0.8589588738153947
2024-04-23,90.00050823887366,CLP,966.204977534116
2024-04-24,60.817304536180494,BRL,5.436737149054047
2024-04-24,60.817304536180494,EUR,0.8584702630516283
2024-04-24,60.817304536180494,CLP,959.6786002188428
2024-04-25,71.30169913533366,BRL,5.456380811796622
2024-04-25,71.30169913533366,EUR,0.8581012272625057
2024-04-25,71.30169913533366,CLP,958.0872222121236
2024-04-26,71.0173411758671,BRL,5.523750467165067
2024-04-26,71.0173411758671,EUR,0.8614894939650368
2024-04-26,71.0173411758671,CLP,958.3585286611394
2024-04-27,88.29565157349774,BRL,5.506994892479623
2024-04-27,88.29565157349774,EUR,0.8581723566031316
2024-04-27,88.29565157349774,CLP,964.891122434002
2024-04-28,70.42897401456794,BRL,5.4547645319003255
2024-04-28,70.42897401456794,EUR,0.8569693545076332
2024-04-28,70.42897401456794,CLP,961.9000787534334
2024-04-29,46.27069133628636,BRL,5.553285009232606
2024-04-29,46.27069133628636,EUR,0.8549253431248048
2024-04-29,46.27069133628636,CLP,957.4489914595656
2024-04-30,93.95046335269625,BRL,5.513813841469515
2024-04-30,93.95046335269625,EUR,0.8562936326935515
2024-04-30,93.95046335269625,CLP,963.622488819246
2024-05-01,88.94250826597137,BRL,5.51033818369556
2024-05-01,88.94250826597137,EUR,0.8572124106324023
2024-05-01,88.94250826597137,CLP,960.4231024228944
2024-05-02,8.350722279350922,BRL,5.4487550905794295
2024-05-02,8.350722279350922,EUR,0.857071661378073
2024-05-02,8.350722279350922,CLP,964.8118466367772
2024-05-03,91.12222367234908,BRL,5.53575772226051
2024-05-03,91.12222367234908,EUR,0.854769093927544
2024-05-03,91.12222367234908,CLP,957.1605284342164
2024-05-04,72.80211604669415,BRL,5.5622966012929576
2024-05-04,72.80211604669415,EUR,0.8612479386250712
2024-05-04,72.80211604669415,CLP,964.9446638386012
2024-05-05,43.168915575922654,BRL,5.504995170659174
2024-05-05,43.168915575922654,EUR,0.8602676575787713
2024-05-05,43.168915575922654,CLP,966.6239823070584
2024-05-06,93.9499388313568,BRL,5.464206831112509
2024-05-06,93.9499388313568,EUR,0.8570629953811361
2024-05-06,93.9499388313568,CLP,964.4389248065546
2024-05-07,75.57014851423921,BRL,5.548276556653753
2024-05-07,75.57014851423921,EUR,0.8556491961089693
2024-05-07,75.57014851423921,CLP,967.4053998425888
2024-05-08,34.441360131539845,BRL,5.439797217196261
2024-05-08,34.441360131539845,EUR,0.8570268442518529
2024-05-08,34.441360131539845,CLP,967.9465656039216
2024-05-09,24.59828652113138,BRL,5.4891148804373255
2024-05-09,24.59828652113138,EUR,0.8582198779285535
2024-05-09,24.59828652113138,CLP,963.2642916976606
2024-05-10,67.4221231853709,BRL,5.535203014967285
2024-05-10,67.4221231853709,EUR,0.8615757035988749
2024-05-10,67.4221231853709,CLP,965.1459398958532
2024-05-11,63.48819088060201,BRL,5.468908738464582
2024-05-11,63.48819088060201,EUR,0.8557154944384765
2024-05-11,63.48819088060201,CLP,957.2694417982088
2024-05-12,83.60443301333275,BRL,5.559406149236775
2024-05-12,83.60443301333275,EUR,0.8614760899511462
2024-05-12,83.60443301333275,CLP,961.9533985144934
2024-05-13,98.78280017177929,BRL,5.511278581967148
2024-05-13,98.78280017177929,EUR,0.858361670899566
2024-05-13,98.78280017177929,CLP,964.7406448717488
2024-05-14,72.31300508398922,BRL,5.4863559507267965
2024-05-14,72.31300508398922,EUR,0.8614967579812127
2024-05-14,72.31300508398922,CLP,963.7036468035312
2024-05-15,43.61013756821229,BRL,5.433945572203577
2024-05-15,43.61013756821229,EUR,0.861480862335795
2024-05-15,43.61013756821229,CLP,966.1638061816652
2024-05-16,80.27806722496767,BRL,5.529324092932966
2024-05-16,80.27806722496767,EUR,0.85441675731404
2024-05-16,80.27806722496767,CLP,962.8186983762644
2024-05-17,31.797765657159022,BRL,5.495537197932605
2024-05-17,31.797765657159022,EUR,0.857625188729648
2024-05-17,31.797765657159022,CLP,966.8418076000152
2024-05-18,79.05942275665718,BRL,5.536983999282644
2024-05-18,79.05942275665718,EUR,0.8591237606085919
2024-05-18,79.05942275665718,CLP,968.4431521389984
2024-05-19,81.70285581001377,BRL,5.5510826398507085
2024-05-19,81.70285581001377,EUR,0.8588006263650716
2024-05-19,81.70285581001377,CLP,963.3116146831188
2024-05-20,44.55114481570603,BRL,5.489508702581833
2024-05-20,44.55114481570603,EUR,0.8582611413578957
2024-05-20,44.55114481570603,CLP,967.7619451686762
2024-05-21,52.36090293191506,BRL,5.509535934741118
2024-05-21,52.36090293191506,EUR,0.8585094115326684
2024-05-21,52.36090293191506,CLP,966.6427270137174
2024-05-22,98.34540376198608,BRL,5.512184671734179
2024-05-22,98.34540376198608,EUR,0.8567162576975935
2024-05-22,98.34540376198608,CLP,961.5312297515738
2024-05-23,70.236821103001,BRL,5.514827440747815
2024-05-23,70.236821103001,EUR,0.8583104360653543
2024-05-23,70.236821103001,CLP,965.2743975783372
2024-05-24,81.23447793311955,BRL,5.435563737448418
2024-05-24,81.23447793311955,EUR,0.8600288801615794
2024-05-24,81.23447793311955,CLP,967.7565048279472
2024-05-25,97.4809368267066,BRL,5.479688344080399
2024-05-25,97.4809368267066,EUR,0.8543291478441079
2024-05-25,97.4809368267066,CLP,964.997482799218
2024-05-26,95.82371379208276,BRL,5.53150837161683
2024-05-26,95.82371379208276,EUR,0.8597323480288892
2024-05-26,95.82371379208276,CLP,964.731097086638
2024-05-27,93.41721031172143,BRL,5.43801381065067
2024-05-27,93.41721031172143,EUR,0.8593455392583687
2024-05-27,93.41721031172143,CLP,962.7303740155942
2024-05-28,86.75856652463807,BRL,5.514862121961773
2024-05-28,86.75856652463807,EUR,0.8579140153688438
2024-05-28,86.75856652463807,CLP,958.5650500976988
2024-05-29,97.48491114723848,BRL,5.449309757484039
2024-05-29,97.48491114723848,EUR,0.8615711293238819
2024-05-29,97.48491114723848,CLP,957.7968295074702
2024-05-30,60.13934556919735,BRL,5.5039512756475215
2024-05-30,60.13934556919735,EUR,0.8591001472087483
2024-05-30,60.13934556919735,CLP,959.5362046556824
2024-05-31,77.48285289853527,BRL,5.458314266635956
2024-05-31,77.48285289853527,EUR,0.8575588228272732
2024-05-31,77.48285289853527,CLP,964.7274707378836
2024-06-01,38.65743694432473,BRL,5.504485432586116
2024-06-01,38.65743694432473,EUR,0.8581195480046973
2024-06-01,38.65743694432473,CLP,968.50654196155
2024-06-02,89.19249138464133,BRL,5.496520200198966
2024-06-02,89.19249138464133,EUR,0.8560575126031299
2024-06-02,89.19249138464133,CLP,960.3103393453636
2024-06-03,94.84725002065788,BRL,5.54889443841211
2024-06-03,94.84725002065788,EUR,0.8589555985949415
2024-06-03,94.84725002065788,CLP,957.226292076988
2024-06-04,93.86480678702866,BRL,5.438061434399889
2024-06-04,93.86480678702866,EUR,0.8575980648046433
2024-06-04,93.86480678702866,CLP,957.391221388584
2024-06-05,80.70534742522031,BRL,5.490258682354639
2024-06-05,80.70534742522031,EUR,0.8588679560749096
2024-06-05,80.70534742522031,CLP,957.9862767542088
2024-06-06,90.46471633264647,BRL,5.4446099650961095
2024-06-06,90.46471633264647,EUR,0.856621557787209
2024-06-06,90.46471633264647,CLP,968.4225874372396
2024-06-07,50.10008494905731,BRL,5.534776524651623
2024-06-07,50.10008494905731,EUR,0.8618924154887952
2024-06-07,50.10008494905731,CLP,961.5879265960638
2024-06-08,80.36082481207008,BRL,5.517921458373849
2024-06-08,80.36082481207008,EUR,0.8548438879019481
2024-06-08,80.36082481207008,CLP,967.9426341117044
2024-06-09,88.64334952885511,BRL,5.496585021577923
2024-06-09,88.64334952885511,EUR,0.8543817085018272
2024-06-09,88.64334952885511,CLP,962.2197887558434
2024-06-10,99.74519195194218,BRL,5.515814199208372
2024-06-10,99.74519195194218,EUR,0.8581264026542579
2024-06-10,99.74519195194218,CLP,958.604107454916
2024-06-11,95.50397436120387,BRL,5.50721533468808
2024-06-11,95.50397436120387,EUR,0.8610653263153271
2024-06-11,95.50397436120387,CLP,964.4632458658788
2024-06-12,87.14110447450781,BRL,5.486854836676285
2024-06-12,87.14110447450781,EUR,0.8587231216360164
2024-06-12,87.14110447450781,CLP,962.2694481024112
2024-06-13,43.05317011146352,BRL,5.435749078255409
2024-06-13,43.05317011146352,EUR,0.8598581478053173
2024-06-13,43.05317011146352,CLP,961.0863263461124
2024-06-14,94.75355046448708,BRL,5.507417723586125
2024-06-14,94.75355046448708,EUR,0.8562432579502051
2024-06-14,94.75355046448708,CLP,959.4170481641856
2024-06-15,85.62602935557712,BRL,5.463745885266871
2024-06-15,85.62602935557712,EUR,0.8547890666291563
2024-06-15,85.62602935557712,CLP,956.873078469278
2024-06-16,39.76785223978954,BRL,5.451361713873592
2024-06-16,39.76785223978954,EUR,0.8579952065549217
2024-06-16,39.76785223978954,CLP,963.3244936862814
2024-06-17,92.0778586945281,BRL,5.456653194347419
2024-06-17,92.0778586945281,EUR,0.8551468484957987
2024-06-17,92.0778586945281,CLP,964.0198369793808
2024-06-18,93.9396114679452,BRL,5.540080938207557
2024-06-18,93.9396114679452,EUR,0.8613390043992585
2024-06-18,93.9396114679452,CLP,961.4110208595832
2024-06-19,67.37374211328401,BRL,5.480399215789944
2024-06-19,67.37374211328401,EUR,0.8622618139325144
2024-06-19,67.37374211328401,CLP,966.7821514004206
2024-06-20,58.18396105758213,BRL,5.468175554208625
2024-06-20,58.18396105758213,EUR,0.8614650004321842
2024-06-20,58.18396105758213,CLP,964.8758077702604
2024-06-21,78.87079090252075,BRL,5.472333397292958
2024-06-21,78.87079090252075,EUR,0.8588276494641204
2024-06-21,78.87079090252075,CLP,964.5455342763468
2024-06-22,52.357888778254456,BRL,5.4948086085804055
2024-06-22,52.357888778254456,EUR,0.8587318691823924
2024-06-22,52.357888778254456,CLP,960.8808092115248
2024-06-23,98.86441278359511,BRL,5.489279014387748
2024-06-23,98.86441278359511,EUR,0.8595292306260844
2024-06-23,98.86441278359511,CLP,962.050703592466
2024-06-24,67.55565332787327,BRL,5.466895061000418
2024-06-24,67.55565332787327,EUR,0.8561440062202412
2024-06-24,67.55565332787327,CLP,963.0419867069492
2024-06-25,93.93135045943704,BRL,5.450264244359015
2024-06-25,93.93135045943704,EUR,0.8621914882781412
2024-06-25,93.93135045943704,CLP,957.0143546401496
2024-06-26,99.56047057348252,BRL,5.437734045196996
2024-06-26,99.56047057348252,EUR,0.8545765360326771
2024-06-26,99.56047057348252,CLP,964.569502201076
2024-06-27,70.99665853797084,BRL,5.535660833366339
2024-06-27,70.99665853797084,EUR,0.855821759342946
2024-06-27,70.99665853797084,CLP,965.7892736770036
2024-06-28,42.406200403652925,BRL,5.435591075467039
2024-06-28,42.406200403652925,EUR,0.858431520022233
2024-06-28,42.406200403652925,CLP,958.160697271318
2024-06-29,21.208049292709998,BRL,5.445285103574637
2024-06-29,21.208049292709998,EUR,0.8554714965928168
2024-06-29,21.208049292709998,CLP,960.4787350959704
2024-06-30,76.7328756154695,BRL,5.51662066686231
2024-06-30,76.7328756154695,EUR,0.8608362933685728
2024-06-30,76.7328756154695,CLP,959.2589889245788
2024-07-01,30.906294107876743,BRL,5.522445436242322
2024-07-01,30.906294107876743,EUR,0.8579258978464498
2024-07-01,30.906294107876743,CLP,958.5478414115748
2024-07-02,94.10330181939672,BRL,5.544422991375696
2024-07-02,94.10330181939672,EUR,0.8555432905940407
2024-07-02,94.10330181939672,CLP,960.588241331716
2024-07-03,89.21765940985469,BRL,5.501397753547487
2024-07-03,89.21765940985469,EUR,0.8594413128305494
2024-07-03,89.21765940985469,CLP,957.8490518860624
2024-07-04,60.91587593840055,BRL,5.55757524474749
2024-07-04,60.91587593840055,EUR,0.8556521518880804
2024-07-04,60.91587593840055,CLP,961.3813957442449
2024-07-05,85.80619322915744,BRL,5.503159448624198
2024-07-05,85.80619322915744,EUR,0.8559951774007737
2024-07-05,85.80619322915744,CLP,961.3816049088972
2024-07-06,25.106375450623386,BRL,5.555367558064492
2024-07-06,25.106375450623386,EUR,0.8544877126731019
2024-07-06,25.106375450623386,CLP,956.9238518509476
2024-07-07,45.8554487661652,BRL,5.501052929274338
2024-07-07,45.8554487661652,EUR,0.8555308054154456
2024-07-07,45.8554487661652,CLP,966.8262588692515
2024-07-08,85.46430220110156,BRL,5.459581363623466
2024-07-08,85.46430220110156,EUR,0.8543174980172494
2024-07-08,85.46430220110156,CLP,962.1952643296383
2024-07-09,61.67650263393726,BRL,5.510984141550003
2024-07-09,61.67650263393726,EUR,0.8617764485585534
2024-07-09,61.67650263393726,CLP,966.2258515069722
2024-07-10,70.78224752451762,BRL,5.548379224295682
2024-07-10,70.78224752451762,EUR,0.8543083609983816
2024-07-10,70.78224752451762,CLP,957.343482056044
2024-07-11,90.87893324317604,BRL,5.507073275046539
2024-07-11,90.87893324317604,EUR,0.8561502672681492
2024-07-11,90.87893324317604,CLP,967.5414151083412
2024-07-12,53.47666314242629,BRL,5.49635244726027
2024-07-12,53.47666314242629,EUR,0.8603320495981326
2024-07-12,53.47666314242629,CLP,963.3641970992755
2024-07-13,75.95160024388709,BRL,5.438020417799195
2024-07-13,75.95160024388709,EUR,0.8557116146323663
2024-07-13,75.95160024388709,CLP,965.1789789059136
2024-07-14,78.8243015830028,BRL,5.557346091769679
2024-07-14,78.8243015830028,EUR,0.8553651086552886
2024-07-14,78.8243015830028,CLP,959.6555091890764
2024-07-15,56.78101525262134,BRL,5.443367157779229
2024-07-15,56.78101525262134,EUR,0.8611454598810809
2024-07-15,56.78101525262134,CLP,964.6138204017242
2024-07-16,67.24604366744497,BRL,5.496627218429548
2024-07-16,67.24604366744497,EUR,0.8593848645534328
2024-07-16,67.24604366744497,CLP,958.406191010938
2024-07-17,98.04790713673572,BRL,5.503161194079872
2024-07-17,98.04790713673572,EUR,0.8592321892016044
2024-07-17,98.04790713673572,CLP,968.0959066380972
2024-07-18,95.39017123088982,BRL,5.434474544479548
2024-07-18,95.39017123088982,EUR,0.8564847981211636
2024-07-18,95.39017123088982,CLP,960.4780073073435
2024-07-19,71.32557537214936,BRL,5.494768089560816
2024-07-19,71.32557537214936,EUR,0.8561898167541343
2024-07-19,71.32557537214936,CLP,960.6619424647132
2024-07-20,33.690534094565805,BRL,5.539571150611234
2024-07-20,33.690534094565805,EUR,0.8582455911285334
2024-07-20,33.690534094565805,CLP,957.4010312127024
2024-07-21,74.91849909385215,BRL,5.532082509733296
2024-07-21,74.91849909385215,EUR,0.8564035494043716
2024-07-21,74.91849909385215,CLP,959.2713766341054
2024-07-22,75.21674472957935,BRL,5.549784569226063
2024-07-22,75.21674472957935,EUR,0.8611206803941808
2024-07-22,75.21674472957935,CLP,965.486006392992
2024-07-23,90.07679908448586,BRL,5.53642958588415
2024-07-23,90.07679908448586,EUR,0.8577432380649804
2024-07-23,90.07679908448586,CLP,961.7118699896664
2024-07-24,68.51057534494653,BRL,5.53209256101512
2024-07-24,68.51057534494653,EUR,0.8609322485318337
2024-07-24,68.51057534494653,CLP,962.2120106251818
2024-07-25,99.25613321859908,BRL,5.562745369516233
2024-07-25,99.25613321859908,EUR,0.8558422875302876
2024-07-25,99.25613321859908,CLP,966.9936118412068
2024-07-26,82.99492915248078,BRL,5.468958365661122
2024-07-26,82.99492915248078,EUR,0.8591496631928095
2024-07-26,82.99492915248078,CLP,968.7845524384662
2024-07-27,74.63341484925564,BRL,5.436584250917682
2024-07-27,74.63341484925564,EUR,0.8556082308187736
2024-07-27,74.63341484925564,CLP,960.8536402191849
2024-07-28,61.71322856374561,BRL,5.4502316572833145
2024-07-28,61.71322856374561,EUR,0.8606247599366093
2024-07-28,61.71322856374561,CLP,965.366374468318
2024-07-29,88.51773241285083,BRL,5.547592738987464
2024-07-29,88.51773241285083,EUR,0.8586122882918709
2024-07-29,88.51773241285083,CLP,967.0210227663372
2024-07-30,55.575956979739466,BRL,5.5636410609857725
2024-07-30,55.575956979739466,EUR,0.855959992302117
2024-07-30,55.575956979739466,CLP,958.4348940917096
2024-07-31,74.40783450209452,BRL,5.453674125253858
2024-07-31,74.40783450209452,EUR,0.8601121540972563
2024-07-31,74.40783450209452,CLP,964.6056384311634
2024-08-01,39.95913196395905,BRL,5.451612256437206
2024-08-01,39.95913196395905,EUR,0.8601152843966942
2024-08-01,39.95913196395905,CLP,964.756592006192
2024-08-02,9.46217081607635,BRL,5.528568936776938
2024-08-02,9.46217081607635,EUR,0.8583250467699954
2024-08-02,9.46217081607635,CLP,964.2498881779294
2024-08-03,60.61309806258684,BRL,5.526926376534734
2024-08-03,60.61309806258684,EUR,0.8591269822116949
2024-08-03,60.61309806258684,CLP,958.0411454412772
2024-08-04,23.87474743310517,BRL,5.545858145634723
2024-08-04,23.87474743310517,EUR,0.8549963162311597
2024-08-04,23.87474743310517,CLP,966.9247245963228
2024-08-05,88.51889671354695,BRL,5.539480265291069
2024-08-05,88.51889671354695,EUR,0.862000938626896
2024-08-05,88.51889671354695,CLP,963.183186842628
2024-08-06,54.00384834796526,BRL,5.509007164735193
2024-08-06,54.00384834796526,EUR,0.8617106282233863
2024-08-06,54.00384834796526,CLP,962.55293266479
2024-08-07,75.83575871417828,BRL,5.527504342531134
2024-08-07,75.83575871417828,EUR,0.8545726072460813
2024-08-07,75.83575871417828,CLP,963.8762204200548
2024-08-08,92.26763611610716,BRL,5.521450373657309
2024-08-08,92.26763611610716,EUR,0.8600582344301901
2024-08-08,92.26763611610716,CLP,966.8212937192218
2024-08-09,65.08738041685095,BRL,5.544795588032214
2024-08-09,65.08738041685095,EUR,0.8564965756358567
2024-08-09,65.08738041685095,CLP,959.4331781578504
2024-08-10,72.70924646990487,BRL,5.5268900690812925
2024-08-10,72.70924646990487,EUR,0.8617185557071816
2024-08-10,72.70924646990487,CLP,963.4828746802278
2024-08-11,69.0581641907934,BRL,5.556433886516
2024-08-11,69.0581641907934,EUR,0.8608356080769881
2024-08-11,69.0581641907934,CLP,958.84880186021
2024-08-12,55.65102698039888,BRL,5.5271339930927175
2024-08-12,55.65102698039888,EUR,0.8624757278069137
2024-08-12,55.65102698039888,CLP,958.3408915100272
2024-08-13,58.87588971181223,BRL,5.5568858871071765
2024-08-13,58.87588971181223,EUR,0.8624241905406804
2024-08-13,58.87588971181223,CLP,963.884534481191
2024-08-14,81.53397981111331,BRL,5.5447273417383
2024-08-14,81.53397981111331,EUR,0.8597253754294047
2024-08-14,81.53397981111331,CLP,966.1012188222128
2024-08-15,92.75107622789189,BRL,5.467701994835011
2024-08-15,92.75107622789189,EUR,0.8590162055649151
2024-08-15,92.75107622789189,CLP,961.5040468784756
2024-08-16,42.73178383675016,BRL,5.517974654969284
2024-08-16,42.73178383675016,EUR,0.859883105286434
2024-08-16,42.73178383675016,CLP,968.3660313674344
2024-08-17,4.8484503704917845,BRL,5.4832709422631805
2024-08-17,4.8484503704917845,EUR,0.8616087026027756
2024-08-17,4.8484503704917845,CLP,957.3611227980306
2024-08-18,55.71881425842369,BRL,5.544967034605628
2024-08-18,55.71881425842369,EUR,0.8601364577798327
2024-08-18,55.71881425842369,CLP,961.8047618427422
2024-08-19,80.55562616260144,BRL,5.443962847962597
2024-08-19,80.55562616260144,EUR,0.8566503951156195
2024-08-19,80.55562616260144,CLP,966.6734734414828
2024-08-20,27.012343443277818,BRL,5.447456284819793
2024-08-20,27.012343443277818,EUR,0.8579102245564897
2024-08-20,27.012343443277818,CLP,959.0066809703964
2024-08-21,88.48429108674677,BRL,5.4669625454639625
2024-08-21,88.48429108674677,EUR,0.8552060968113808
2024-08-21,88.48429108674677,CLP,968.4918024371192
2024-08-22,32.12276387333713,BRL,5.518936753598393
2024-08-22,32.12276387333713,EUR,0.856796895227582
2024-08-22,32.12276387333713,CLP,960.839607108176
2024-08-23,60.89968923155816,BRL,5.535295390341796
2024-08-23,60.89968923155816,EUR,0.855805748736014
2024-08-23,60.89968923155816,CLP,960.0069832858144
2024-08-24,90.66353862947456,BRL,5.54718655653926
2024-08-24,90.66353862947456,EUR,0.8579718425920215
2024-08-24,90.66353862947456,CLP,964.5772449655104
2024-08-25,91.93272136333634,BRL,5.455698017318865
2024-08-25,91.93272136333634,EUR,0.857083667263779
2024-08-25,91.93272136333634,CLP,959.0531181942029
2024-08-26,94.28871384769776,BRL,5.443452087869856
2024-08-26,94.28871384769776,EUR,0.8607438759843781
2024-08-26,94.28871384769776,CLP,967.8514565583596
2024-08-27,82.39108629060888,BRL,5.540375957098515
2024-08-27,82.39108629060888,EUR,0.8544080197565337
2024-08-27,82.39108629060888,CLP,963.5130420732538
2024-08-28,82.66245217477852,BRL,5.481024364910512
2024-08-28,82.66245217477852,EUR,0.85606096546142
2024-08-28,82.66245217477852,CLP,963.5776126159813
2024-08-29,83.76174137455713,BRL,5.503972325014782
2024-08-29,83.76174137455713,EUR,0.8593415697603839
2024-08-29,83.76174137455713,CLP,958.9782420553822
2024-08-30,91.47234918685244,BRL,5.530129539090084
2024-08-30,91.47234918685244,EUR,0.8615653146476591
2024-08-30,91.47234918685244,CLP,967.5084728577284
2024-08-31,91.73840869023527,BRL,5.442713682353061
2024-08-31,91.73840869023527,EUR,0.8611270271583265
2024-08-31,91.73840869023527,CLP,960.2358548441788
2024-09-01,97.33595294876868,BRL,5.468618849148837
2024-09-01,97.33595294876868,EUR,0.8609693749634422
2024-09-01,97.33595294876868,CLP,966.444034357361
2024-09-02,82.05527757733881,BRL,5.445808506628215
2024-09-02,82.05527757733881,EUR,0.8622893229399791
2024-09-02,82.05527757733881,CLP,958.948907756524
2024-09-03,94.32045196222764,BRL,5.514947393771132
2024-09-03,94.32045196222764,EUR,0.8593100055361081
2024-09-03,94.32045196222764,CLP,965.3246014681158
2024-09-04,86.7309623266289,BRL,5.497986720039766
2024-09-04,86.7309623266289,EUR,0.8606171947204695
2024-09-04,86.7309623266289,CLP,961.8255035810909
2024-09-05,74.56824823683763,BRL,5.484128267185486
2024-09-05,74.56824823683763,EUR,0.857047380514562
2024-09-05,74.56824823683763,CLP,966.6024978271432
2024-09-06,85.32747688681741,BRL,5.544238467164613
2024-09-06,85.32747688681741,EUR,0.8585614887588854
2024-09-06,85.32747688681741,CLP,966.8527900367116
2024-09-07,86.79145693831889,BRL,5.508060315404916
2024-09-07,86.79145693831889,EUR,0.8623300928450023
2024-09-07,86.79145693831889,CLP,963.059595528832
2024-09-08,91.2436822602114,BRL,5.549040643118101
2024-09-08,91.2436822602114,EUR,0.8621328561743204
2024-09-08,91.2436822602114,CLP,964.6033373301864
2024-09-09,92.8489529399819,BRL,5.535911524066625
2024-09-09,92.8489529399819,EUR,0.8601504600983179
2024-09-09,92.8489529399819,CLP,965.6914230374704
2024-09-10,79.3312442156706,BRL,5.504434025586269
2024-09-10,79.3312442156706,EUR,0.8548390355067774
2024-09-10,79.3312442156706,CLP,964.201080680584
2024-09-11,32.49134363202802,BRL,5.497264545016717
2024-09-11,32.49134363202802,EUR,0.8585553277464171
2024-09-11,32.49134363202802,CLP,959.927969285014
2024-09-12,47.25263483783012,BRL,5.500600820711811
2024-09-12,47.25263483783012,EUR,0.8585016857126414
2024-09-12,47.25263483783012,CLP,968.6660214297584
2024-09-13,52.18285534924132,BRL,5.463981805584837
2024-09-13,52.18285534924132,EUR,0.8567991541078072
2024-09-13,52.18285534924132,CLP,957.7122084869604
2024-09-14,99.02885748291224,BRL,5.475038161044124
2024-09-14,99.02885748291224,EUR,0.8572449057502677
2024-09-14,99.02885748291224,CLP,967.8265744369788
2024-09-15,95.99192690054846,BRL,5.552927425933552
2024-09-15,95.99192690054846,EUR,0.8620203143482262
2024-09-15,95.99192690054846,CLP,963.715601216765
2024-09-16,33.64170308348103,BRL,5.475550329296453
2024-09-16,33.64170308348103,EUR,0.8572047088954484
2024-09-16,33.64170308348103,CLP,958.80853671816
2024-09-17,90.09512833343123,BRL,5.560955318482723
2024-09-17,90.09512833343123,EUR,0.861596288805504
2024-09-17,90.09512833343123,CLP,963.8185070447946
2024-09-18,86.36962031770103,BRL,5.481004159324198
2024-09-18,86.36962031770103,EUR,0.8602797711485267
2024-09-18,86.36962031770103,CLP,965.941088674316
2024-09-19,86.52312127040139,BRL,5.486966196073418
2024-09-19,86.52312127040139,EUR,0.8623632949713661
2024-09-19,86.52312127040139,CLP,961.9184207651692
2024-09-20,86.83441734468144,BRL,5.48619702404849
2024-09-20,86.83441734468144,EUR,0.8593440298614331
2024-09-20,86.83441734468144,CLP,957.7109251348072
2024-09-21,83.68661345582619,BRL,5.530443403211557
2024-09-21,83.68661345582619,EUR,0.858720017581973
2024-09-21,83.68661345582619,CLP,968.4929517026496
2024-09-22,72.88501192225294,BRL,5.558606102166427
2024-09-22,72.88501192225294,EUR,0.8618297654508086
2024-09-22,72.88501192225294,CLP,965.0724415463154
2024-09-23,60.87802343452981,BRL,5.511788520943272
2024-09-23,60.87802343452981,EUR,0.8610216820079322
2024-09-23,60.87802343452981,CLP,962.3032460896518
2024-09-24,41.53095155102335,BRL,5.549308387270167
2024-09-24,41.53095155102335,EUR,0.8555964230137248
2024-09-24,41.53095155102335,CLP,959.2747976672192
2024-09-25,90.4112862788355,BRL,5.522944345679662
2024-09-25,90.4112862788355,EUR,0.8584267371476436
2024-09-25,90.4112862788355,CLP,962.641796404438
2024-09-26,43.162314119065925,BRL,5.442008268722777
2024-09-26,43.162314119065925,EUR,0.8621208724759344
2024-09-26,43.162314119065925,CLP,964.6014918579384
2024-09-27,71.24398911997312,BRL,5.486111103795765
2024-09-27,71.24398911997312,EUR,0.8613926668356581
2024-09-27,71.24398911997312,CLP,957.8906709624944
2024-09-28,68.84991506741217,BRL,5.53154597658455
2024-09-28,68.84991506741217,EUR,0.8622675521199603
2024-09-28,68.84991506741217,CLP,957.7374422763136
2024-09-29,10.86214547857111,BRL,5.548037155874602
2024-09-29,10.86214547857111,EUR,0.859698189696524
2024-09-29,10.86214547857111,CLP,964.4170570779831
2024-09-30,49.62468403748053,BRL,5.5201295242287305
2024-09-30,49.62468403748053,EUR,0.8609549774439548
2024-09-30,49.62468403748053,CLP,965.6954074784556
2024-10-01,9.22262454775176,BRL,5.484054266345866
2024-10-01,9.22262454775176,EUR,0.8546382259160014
2024-10-01,9.22262454775176,CLP,960.2280838992936
2024-10-02,82.31401343008515,BRL,5.524091308422837
2024-10-02,82.31401343008515,EUR,0.8585527927333918
2024-10-02,82.31401343008515,CLP,964.5816769920532
2024-10-03,64.12699040365598,BRL,5.500007458021429
2024-10-03,64.12699040365598,EUR,0.8584592233211431
2024-10-03,64.12699040365598,CLP,968.9134726935724
2024-10-04,36.77845872417057,BRL,5.480515326478811
2024-10-04,36.77845872417057,EUR,0.8581721310320226
2024-10-04,36.77845872417057,CLP,968.5527906871428
2024-10-05,88.31071437775708,BRL,5.507176587839432
2024-10-05,88.31071437775708,EUR,0.8565932293127649
2024-10-05,88.31071437775708,CLP,963.3549102449472
2024-10-06,72.9032981008151,BRL,5.521364299029949
2024-10-06,72.9032981008151,EUR,0.8572579433337074
2024-10-06,72.9032981008151,CLP,959.625210030046
2024-10-07,68.54234919274917,BRL,5.451847260392916
2024-10-07,68.54234919274917,EUR,0.8610479580180035
2024-10-07,68.54234919274917,CLP,968.1110536429144
2024-10-08,48.81397752980212,BRL,5.544833248630082
2024-10-08,48.81397752980212,EUR,0.8581270782602144
2024-10-08,48.81397752980212,CLP,968.5791022100756
2024-10-09,94.9847353264838,BRL,5.529685210172865
2024-10-09,94.9847353264838,EUR,0.8610677133340303
2024-10-09,94.9847353264838,CLP,964.3059825370158
2024-10-10,88.1635065976173,BRL,5.563167975230841
2024-10-10,88.1635065976173,EUR,0.8545601499260441
2024-10-10,88.1635065976173,CLP,957.4860274543868
2024-10-11,79.56567612628669,BRL,5.472149542228816
2024-10-11,79.56567612628669,EUR,0.8581734595522325
2024-10-11,79.56567612628669,CLP,961.8736221661864
2024-10-12,29.033279964903063,BRL,5.483851582376103
2024-10-12,29.033279964903063,EUR,0.8555226849081204
2024-10-12,29.033279964903063,CLP,966.7598350916996
2024-10-13,98.19642717133355,BRL,5.504002634211876
2024-10-13,98.19642717133355,EUR,0.8611101588981701
2024-10-13,98.19642717133355,CLP,965.523919277586
2024-10-14,67.06299810784704,BRL,5.470361715002031
2024-10-14,67.06299810784704,EUR,0.8590425502205321
2024-10-14,67.06299810784704,CLP,958.7409893541944
2024-10-15,95.68012630828323,BRL,5.460266451101208
2024-10-15,95.68012630828323,EUR,0.8571350837158666
2024-10-15,95.68012630828323,CLP,965.5881841333072
2024-10-16,95.67527172600008,BRL,5.528063409722866
2024-10-16,95.67527172600008,EUR,0.8599493102187746
2024-10-16,95.67527172600008,CLP,960.2933565458848
2024-10-17,40.98799677905658,BRL,5.4814231836998895
2024-10-17,40.98799677905658,EUR,0.8605982433038956
2024-10-17,40.98799677905658,CLP,962.2623192738446
2024-10-18,73.26800438857869,BRL,5.50859972758533
2024-10-18,73.26800438857869,EUR,0.8596456576045852
2024-10-18,73.26800438857869,CLP,967.0185775302637
2024-10-19,96.20570039453143,BRL,5.434959580353943
2024-10-19,96.20570039453143,EUR,0.8548985707639081
2024-10-19,96.20570039453143,CLP,961.3572671828344
2024-10-20,44.22642472435377,BRL,5.521519070467605
2024-10-20,44.22642472435377,EUR,0.8568172022503864
2024-10-20,44.22642472435377,CLP,958.0504229619077
2024-10-21,10.315317497708492,BRL,5.539115661879242
2024-10-21,10.315317497708492,EUR,0.8601788080933725
2024-10-21,10.315317497708492,CLP,958.6223530344532
2024-10-22,9.500525524679167,BRL,5.49524569453213
2024-10-22,9.500525524679167,EUR,0.8623247391839401
2024-10-22,9.500525524679167,CLP,959.454833602465
2024-10-23,81.52381125145486,BRL,5.478920365216088
2024-10-23,81.52381125145486,EUR,0.8546832236662849
2024-10-23,81.52381125145486,CLP,966.9030168159618
2024-10-24,94.1701163020668,BRL,5.5443445007676
2024-10-24,94.1701163020668,EUR,0.854959718488819
2024-10-24,94.1701163020668,CLP,961.698112820984
2024-10-25,80.90929248848543,BRL,5.480719181991835
2024-10-25,80.90929248848543,EUR,0.8555229640510464
2024-10-25,80.90929248848543,CLP,958.189055003617
2024-10-26,93.19756451632814,BRL,5.454739818379067
2024-10-26,93.19756451632814,EUR,0.8591392472413224
2024-10-26,93.19756451632814,CLP,957.572358072607
2024-10-27,68.04772542416868,BRL,5.513627845588654
2024-10-27,68.04772542416868,EUR,0.8578750645857031
2024-10-27,68.04772542416868,CLP,958.4865826400638
2024-10-28,70.81132031015133,BRL,5.506252738130115
2024-10-28,70.81132031015133,EUR,0.8582879032975559
2024-10-28,70.81132031015133,CLP,963.7010054922893
2024-10-29,73.15655393284516,BRL,5.441284773007736
2024-10-29,73.15655393284516,EUR,0.8565782717277108
2024-10-29,73.15655393284516,CLP,967.1697770496302
2024-10-30,8.604905514748559,BRL,5.534996961406428
2024-10-30,8.604905514748559,EUR,0.8574590816820952
2024-10-30,8.604905514748559,CLP,957.8064063128664
2024-10-31,13.253929756964846,BRL,5.49577929556468
2024-10-31,13.253929756964846,EUR,0.8602976799495232
2024-10-31,13.253929756964846,CLP,960.4986568970032
2024-11-01,98.61206362691364,BRL,5.5026594597560985
2024-11-01,98.61206362691364,EUR,0.8576071904514333
2024-11-01,98.61206362691364,CLP,966.4802116180542
2024-11-02,39.02778348255748,BRL,5.523260600984284
2024-11-02,39.02778348255748,EUR,0.8607669973528822
2024-11-02,39.02778348255748,CLP,963.107323170975
2024-11-03,65.38288363339292,BRL,5.562690488232461
2024-11-03,65.38288363339292,EUR,0.857373100250363
2024-11-03,65.38288363339292,CLP,962.19939103968
2024-11-04,85.47217040960709,BRL,5.483632028710636
2024-11-04,85.47217040960709,EUR,0.8573731212411028
2024-11-04,85.47217040960709,CLP,959.1827078095369
2024-11-05,54.90384662605605,BRL,5.481474401073286
2024-11-05,54.90384662605605,EUR,0.8584335025872633
2024-11-05,54.90384662605605,CLP,957.2579975444352
2024-11-06,90.06464440695844,BRL,5.519041050122429
2024-11-06,90.06464440695844,EUR,0.858042154966482
2024-11-06,90.06464440695844,CLP,965.2072300703676
2024-11-07,13.810746366026144,BRL,5.433586366504168
2024-11-07,13.810746366026144,EUR,0.854389071638485
2024-11-07,13.810746366026144,CLP,968.397554060924
2024-11-08,97.07980155371465,BRL,5.563995876253748
2024-11-08,97.07980155371465,EUR,0.8564038112602047
2024-11-08,97.07980155371465,CLP,967.3337020515312
2024-11-09,13.573941677358237,BRL,5.475595614731172
2024-11-09,13.573941677358237,EUR,0.8591035484733412
2024-11-09,13.573941677358237,CLP,968.1953719057598
2024-11-10,93.18054271662608,BRL,5.439484953806993
2024-11-10,93.18054271662608,EUR,0.8557143808432325
2024-11-10,93.18054271662608,CLP,963.5629108656568
2024-11-11,45.49367275763212,BRL,5.496506013389625
2024-11-11,45.49367275763212,EUR,0.8622767193947704
2024-11-11,45.49367275763212,CLP,961.099589687222
2024-11-12,50.70594142469649,BRL,5.501171488537988
2024-11-12,50.70594142469649,EUR,0.8612036131336055
2024-11-12,50.70594142469649,CLP,962.1300348654167
2024-11-13,51.2163143030996,BRL,5.440011776534062
2024-11-13,51.2163143030996,EUR,0.8622521347012021
2024-11-13,51.2163143030996,CLP,962.3839661795504
2024-11-14,94.68482244764122,BRL,5.456180724618871
2024-11-14,94.68482244764122,EUR,0.8544007181320505
2024-11-14,94.68482244764122,CLP,960.6644773268708
2024-11-15,61.65044666068072,BRL,5.4613180747002685
2024-11-15,61.65044666068072,EUR,0.856550098019031
2024-11-15,61.65044666068072,CLP,964.80107217368
2024-11-16,94.62139354658773,BRL,5.451457443286102
2024-11-16,94.62139354658773,EUR,0.8561985127930414
2024-11-16,94.62139354658773,CLP,962.4747724905676
2024-11-17,92.83279837290306,BRL,5.488956376428555
2024-11-17,92.83279837290306,EUR,0.8615443512386636
2024-11-17,92.83279837290306,CLP,968.1444730497916
2024-11-18,47.901503912647286,BRL,5.516759955252537
2024-11-18,47.901503912647286,EUR,0.8613907812972823
2024-11-18,47.901503912647286,CLP,966.9170207171696
2024-11-19,99.83489989451289,BRL,5.468975843978775
2024-11-19,99.83489989451289,EUR,0.857170335125699
2024-11-19,99.83489989451289,CLP,960.0138154294552
2024-11-20,74.01259283124925,BRL,5.508347027328222
2024-11-20,74.01259283124925,EUR,0.8556482655770947
2024-11-20,74.01259283124925,CLP,961.6500693053704
2024-11-21,61.07946975111776,BRL,5.543261959831582
2024-11-21,61.07946975111776,EUR,0.8603355756090816
2024-11-21,61.07946975111776,CLP,959.0659977632282
2024-11-22,88.12549426256169,BRL,5.435354227736923
2024-11-22,88.12549426256169,EUR,0.8593867973074665
2024-11-22,88.12549426256169,CLP,960.1270329215128
2024-11-23,32.271967428852804,BRL,5.55513124491493
2024-11-23,32.271967428852804,EUR,0.8561734443956279
2024-11-23,32.271967428852804,CLP,965.9069114629284
2024-11-24,97.25191304686088,BRL,5.443864266204088
2024-11-24,97.25191304686088,EUR,0.8624005298520127
2024-11-24,97.25191304686088,CLP,962.1287726047726
2024-11-25,99.83311230126978,BRL,5.535267829641923
2024-11-25,99.83311230126978,EUR,0.8543042318341069
2024-11-25,99.83311230126978,CLP,968.016521411874
2024-11-26,82.46349181293911,BRL,5.453716573978324
2024-11-26,82.46349181293911,EUR,0.8593898353283226
2024-11-26,82.46349181293911,CLP,958.2596898542809
2024-11-27,95.57404802177577,BRL,5.464233376674601
2024-11-27,95.57404802177577,EUR,0.8559429625940667
2024-11-27,95.57404802177577,CLP,964.2942791787264
2024-11-28,2.729246186405112,BRL,5.455692867953181
2024-11-28,2.729246186405112,EUR,0.8576292043320443
2024-11-28,2.729246186405112,CLP,967.7289322022632
2024-11-29,20.04672880422494,BRL,5.4894181741127
2024-11-29,20.04672880422494,EUR,0.8617059064969884
2024-11-29,20.04672880422494,CLP,960.5037137196576
2024-11-30,95.2225349199944,BRL,5.519741338592006
2024-11-30,95.2225349199944,EUR,0.8553910220248772
2024-11-30,95.2225349199944,CLP,957.2906146273698
2024-12-01,97.14732894772834,BRL,5.454015984172167
2024-12-01,97.14732894772834,EUR,0.8556430201575478
2024-12-01,97.14732894772834,CLP,958.7506958196273
2024-12-02,65.47390898238669,BRL,5.495245147652752
2024-12-02,65.47390898238669,EUR,0.8610063975956451
2024-12-02,65.47390898238669,CLP,957.5442213949088
2024-12-03,74.12773796554136,BRL,5.465054892404522
2024-12-03,74.12773796554136,EUR,0.8554579609233456
2024-12-03,74.12773796554136,CLP,958.1795196905834
2024-12-04,42.85558090136542,BRL,5.50872905317663
2024-12-04,42.85558090136542,EUR,0.8579048691624108
2024-12-04,42.85558090136542,CLP,964.1922625438835
2024-12-05,20.451818732034507,BRL,5.5052722753369245
2024-12-05,20.451818732034507,EUR,0.8586074044995183
2024-12-05,20.451818732034507,CLP,958.1854626428632
2024-12-06,58.356509799686094,BRL,5.543128157347179
2024-12-06,58.356509799686094,EUR,0.8620520718763522
2024-12-06,58.356509799686094,CLP,959.4128095542444
2024-12-07,7.810155414652191,BRL,5.462930301772703
2024-12-07,7.810155414652191,EUR,0.8577117946632808
2024-12-07,7.810155414652191,CLP,967.5496830590404
2024-12-08,89.17915170998313,BRL,5.562660397125619
2024-12-08,89.17915170998313,EUR,0.8559070413212744
2024-12-08,89.17915170998313,CLP,960.0188599350932
2024-12-09,32.96297625783534,BRL,5.5092632549144405
2024-12-09,32.96297625783534,EUR,0.8543125045436131
2024-12-09,32.96297625783534,CLP,966.5333168811565
2024-12-10,88.62493201338658,BRL,5.490773184668502
2024-12-10,88.62493201338658,EUR,0.8588391271706672
2024-12-10,88.62493201338658,CLP,961.3856650055876
2024-12-11,61.54161793891076,BRL,5.535351127474883
2024-12-11,61.54161793891076,EUR,0.8554807623438643
2024-12-11,61.54161793891076,CLP,966.0645549581068
2024-12-12,95.42535931050978,BRL,5.479784331877822
2024-12-12,95.42535931050978,EUR,0.8594177391934025
2024-12-12,95.42535931050978,CLP,962.923035676146
2024-12-13,72.37570632058174,BRL,5.544223008099636
2024-12-13,72.37570632058174,EUR,0.8563245477360814
2024-12-13,72.37570632058174,CLP,957.8685901139376
2024-12-14,92.71613274169742,BRL,5.53121481150527
2024-12-14,92.71613274169742,EUR,0.8555634622768415
2024-12-14,92.71613274169742,CLP,960.6366377987353
2024-12-15,79.60860716731858,BRL,5.53501623922725
2024-12-15,79.60860716731858,EUR,0.8587510172409325
2024-12-15,79.60860716731858,CLP,960.879100680221
2024-12-16,75.2891373716228,BRL,5.494529035705051
2024-12-16,75.2891373716228,EUR,0.8590597449586799
2024-12-16,75.2891373716228,CLP,959.9437142860854
2024-12-17,48.031410227893055,BRL,5.486367572233958
2024-12-17,48.031410227893055,EUR,0.8587424590859682
2024-12-17,48.031410227893055,CLP,963.9381277143494
2024-12-18,92.63201086935808,BRL,5.562004947264482
2024-12-18,92.63201086935808,EUR,0.8610563322393742
2024-12-18,92.63201086935808,CLP,959.9774799050948
2024-12-19,90.78078533200907,BRL,5.525063148817968
2024-12-19,90.78078533200907,EUR,0.8605192400135607
2024-12-19,90.78078533200907,CLP,964.2105463436536
2024-12-20,75.32026033537002,BRL,5.488350570112683
2024-12-20,75.32026033537002,EUR,0.854552850101392
2024-12-20,75.32026033537002,CLP,956.8723305021877
2024-12-21,85.49913976077448,BRL,5.5038966173668245
2024-12-21,85.49913976077448,EUR,0.8572295820571703
2024-12-21,85.49913976077448,CLP,958.3642150369044
2024-12-22,84.48124225411534,BRL,5.458360050427513
2024-12-22,84.48124225411534,EUR,0.8596857518396854
2024-12-22,84.48124225411534,CLP,963.5911147632004
2024-12-23,52.70458342146125,BRL,5.545788004008519
2024-12-23,52.70458342146125,EUR,0.8584006252839187
2024-12-23,52.70458342146125,CLP,961.9294704763404
2024-12-24,88.65836302448302,BRL,5.52105354385499
2024-12-24,88.65836302448302,EUR,0.8546561415968146
2024-12-24,88.65836302448302,CLP,962.9295005850478
2024-12-25,34.91204470504479,BRL,5.503635364230013
2024-12-25,34.91204470504479,EUR,0.859127136791902
2024-12-25,34.91204470504479,CLP,963.481307565268
2024-12-26,99.45446373841098,BRL,5.502865881488294
2024-12-26,99.45446373841098,EUR,0.8552188239419333
2024-12-26,99.45446373841098,CLP,959.907865833906
2024-12-27,94.96695784788656,BRL,5.516052886965517
2024-12-27,94.96695784788656,EUR,0.8545555007395436
2024-12-27,94.96695784788656,CLP,964.2734673798504
2024-12-28,46.94437303792522,BRL,5.4936484418260365
2024-12-28,46.94437303792522,EUR,0.8574784111081127
2024-12-28,46.94437303792522,CLP,959.1249997655837
2024-12-29,29.5998389574838,BRL,5.50235994972325
2024-12-29,29.5998389574838,EUR,0.85453199001597
2024-12-29,29.5998389574838,CLP,958.4308748464198
2024-12-30,54.598125391111786,BRL,5.451383372587722
2024-12-30,54.598125391111786,EUR,0.8555902081534902
2024-12-30,54.598125391111786,CLP,964.3661994185774
2024-12-31,23.954099431912788,BRL,5.458812191600993
2024-12-31,23.954099431912788,EUR,0.8615078340779445
2024-12-31,23.954099431912788,CLP,957.528617627464
2025-01-01,63.66955144924008,BRL,5.5141626136679855
2025-01-01,63.66955144924008,EUR,0.8579667369954281
2025-01-01,63.66955144924008,CLP,956.8901038163032
2025-01-02,68.77461167844766,BRL,5.500333983513288
2025-01-02,68.77461167844766,EUR,0.856879512392192
2025-01-02,68.77461167844766,CLP,958.4462196039808
2025-01-03,74.35150370347397,BRL,5.5367033435471695
2025-01-03,74.35150370347397,EUR,0.8560677395439402
2025-01-03,74.35150370347397,CLP,966.1040874260034
2025-01-04,69.28659062857005,BRL,5.557844356904516
2025-01-04,69.28659062857005,EUR,0.8574024739770479
2025-01-04,69.28659062857005,CLP,957.8016473373538
2025-01-05,66.71258649687961,BRL,5.476516531018966
2025-01-05,66.71258649687961,EUR,0.8621267581404529
2025-01-05,66.71258649687961,CLP,965.6262229614096
2025-01-06,93.42707448668088,BRL,5.509171851053016
2025-01-06,93.42707448668088,EUR,0.8623089922653304
2025-01-06,93.42707448668088,CLP,964.798159955166
2025-01-07,65.09424940605038,BRL,5.432812657301613
2025-01-07,65.09424940605038,EUR,0.8602052859244079
2025-01-07,65.09424940605038,CLP,959.143972521147
2025-01-08,83.91011947281653,BRL,5.516461154725129
2025-01-08,83.91011947281653,EUR,0.859821820060738
2025-01-08,83.91011947281653,CLP,962.5721410124754
2025-01-09,96.68511313727952,BRL,5.506954573041633
2025-01-09,96.68511313727952,EUR,0.8595195934653506
2025-01-09,96.68511313727952,CLP,959.4936993162166
2025-01-10,44.01736403334231,BRL,5.497743780925981
2025-01-10,44.01736403334231,EUR,0.8607851337412539
2025-01-10,44.01736403334231,CLP,968.6818877950705
2025-01-11,69.49518713093644,BRL,5.481077372090121
2025-01-11,69.49518713093644,EUR,0.859935670583411
2025-01-11,69.49518713093644,CLP,958.5723448753184
2025-01-12,89.56033084769008,BRL,5.500282450649668
2025-01-12,89.56033084769008,EUR,0.8548200664218518
2025-01-12,89.56033084769008,CLP,967.632984908334
2025-01-13,95.70730490322217,BRL,5.556163197651666
2025-01-13,95.70730490322217,EUR,0.8599470370796546
2025-01-13,95.70730490322217,CLP,968.8358466468818
2025-01-14,42.90399546042435,BRL,5.559129526043544
2025-01-14,42.90399546042435,EUR,0.8595976869642502
2025-01-14,42.90399546042435,CLP,964.2203841275978
2025-01-15,97.67357555939432,BRL,5.481209601652305
2025-01-15,97.67357555939432,EUR,0.8555900823666825
2025-01-15,97.67357555939432,CLP,962.0035807987
2025-01-16,95.50436514641429,BRL,5.478091786815717
2025-01-16,95.50436514641429,EUR,0.8548282720557593
2025-01-16,95.50436514641429,CLP,963.2615893076024
2025-01-17,68.56290006638925,BRL,5.515938526196791
2025-01-17,68.56290006638925,EUR,0.8611982710083982
2025-01-17,68.56290006638925,CLP,958.0539804064082
2025-01-18,87.39486969501141,BRL,5.5449568123195405
2025-01-18,87.39486969501141,EUR,0.8604313763553684
2025-01-18,87.39486969501141,CLP,959.2425558771412
2025-01-19,88.11736608712856,BRL,5.558413065002876
2025-01-19,88.11736608712856,EUR,0.858761622890678
2025-01-19,88.11736608712856,CLP,959.0304036384432
2025-01-20,93.05134642463472,BRL,5.469895727081399
2025-01-20,93.05134642463472,EUR,0.8593881922531775
2025-01-20,93.05134642463472,CLP,967.491496953184
2025-01-21,82.84647366015903,BRL,5.531505168368646
2025-01-21,82.84647366015903,EUR,0.8576374437930708
2025-01-21,82.84647366015903,CLP,967.7150552591366
2025-01-22,33.381152476652,BRL,5.561739525662308
2025-01-22,33.381152476652,EUR,0.8579113440608284
2025-01-22,33.381152476652,CLP,968.3681911901632
2025-01-23,68.84968261119278,BRL,5.494361248604584
2025-01-23,68.84968261119278,EUR,0.8543451127183742
2025-01-23,68.84968261119278,CLP,961.240318249336
2025-01-24,58.15820675971121,BRL,5.4421082356722055
2025-01-24,58.15820675971121,EUR,0.8569460818174557
2025-01-24,58.15820675971121,CLP,966.1271686383836
2025-01-25,99.48032995337562,BRL,5.535053185162808
2025-01-25,99.48032995337562,EUR,0.8560108335816567
2025-01-25,99.48032995337562,CLP,968.1247619686056
2025-01-26,97.67563654889852,BRL,5.553330986797637
2025-01-26,97.67563654889852,EUR,0.86177098097076
2025-01-26,97.67563654889852,CLP,968.1935865967256
2025-01-27,85.62531884840958,BRL,5.537574116387153
2025-01-27,85.62531884840958,EUR,0.8621293568633666
2025-01-27,85.62531884840958,CLP,962.7503390156812
2025-01-28,48.77819570541929,BRL,5.541414833535981
2025-01-28,48.77819570541929,EUR,0.8549409953986679
2025-01-28,48.77819570541929,CLP,961.4424224276046
2025-01-29,53.80608921441505,BRL,5.510134126115468
2025-01-29,53.80608921441505,EUR,0.8589226098956837
2025-01-29,53.80608921441505,CLP,956.9445459068352
2025-01-30,38.42945701259453,BRL,5.498876745832711
2025-01-30,38.42945701259453,EUR,0.8583741660304204
2025-01-30,38.42945701259453,CLP,958.6192388719584
2025-01-31,71.80732464054917,BRL,5.549413634403924
2025-01-31,71.80732464054917,EUR,0.8599853315913693
2025-01-31,71.80732464054917,CLP,958.05460706294
2025-02-01,71.05088401139949,BRL,5.465732364375279
2025-02-01,71.05088401139949,EUR,0.8619069510423292
2025-02-01,71.05088401139949,CLP,959.3073642712892
2025-02-02,62.733007224080254,BRL,5.524052923606879
2025-02-02,62.733007224080254,EUR,0.8584831774822319
2025-02-02,62.733007224080254,CLP,964.0340237234208
2025-02-03,94.34855644278036,BRL,5.450127488455982
2025-02-03,94.34855644278036,EUR,0.855952070120216
2025-02-03,94.34855644278036,CLP,964.432578524792
2025-02-04,90.4219245066994,BRL,5.509028061212221
2025-02-04,90.4219245066994,EUR,0.8585452219257735
2025-02-04,90.4219245066994,CLP,964.838998697174
2025-02-05,87.5738945957148,BRL,5.472015517691363
2025-02-05,87.5738945957148,EUR,0.8600286919075546
2025-02-05,87.5738945957148,CLP,960.8355787255672
2025-02-06,95.8167996333444,BRL,5.489488260515598
2025-02-06,95.8167996333444,EUR,0.8577353901597923
2025-02-06,95.8167996333444,CLP,962.1077530695
2025-02-07,38.99973975269952,BRL,5.46941074076365
2025-02-07,38.99973975269952,EUR,0.861480249248467
2025-02-07,38.99973975269952,CLP,959.0848389783388
2025-02-08,92.03737936643164,BRL,5.469894006532204
2025-02-08,92.03737936643164,EUR,0.8604029385541774
2025-02-08,92.03737936643164,CLP,957.969327831834
2025-02-09,21.55597807173245,BRL,5.556619913181995
2025-02-09,21.55597807173245,EUR,0.8599265446383021
2025-02-09,21.55597807173245,CLP,967.6874755271454
2025-02-10,48.73452694191415,BRL,5.551130538255579
2025-02-10,48.73452694191415,EUR,0.8612037197961938
2025-02-10,48.73452694191415,CLP,966.2741660767176
2025-02-11,98.96838552807692,BRL,5.4937508897036444
2025-02-11,98.96838552807692,EUR,0.8551548041564243
2025-02-11,98.96838552807692,CLP,959.464822075346
2025-02-12,58.86147882356807,BRL,5.558016138445432
2025-02-12,58.86147882356807,EUR,0.8616734935178154
2025-02-12,58.86147882356807,CLP,966.197803027807
2025-02-13,67.98844171508397,BRL,5.492181453640954
2025-02-13,67.98844171508397,EUR,0.8555022785467172
2025-02-13,67.98844171508397,CLP,967.2823827429412
2025-02-14,29.09884749317722,BRL,5.550965978618117
2025-02-14,29.09884749317722,EUR,0.858531483098304
2025-02-14,29.09884749317722,CLP,959.5985420562248
2025-02-15,5.732480736626991,BRL,5.432286087845297
2025-02-15,5.732480736626991,EUR,0.8584981605705259
2025-02-15,5.732480736626991,CLP,957.149494708478
2025-02-16,98.55405540283904,BRL,5.434707718740929
2025-02-16,98.55405540283904,EUR,0.8619469501447231
2025-02-16,98.55405540283904,CLP,959.3222522173596
2025-02-17,73.34226024450012,BRL,5.515814253390516
2025-02-17,73.34226024450012,EUR,0.8602124226338779
2025-02-17,73.34226024450012,CLP,967.0001933305242
2025-02-18,75.72229380418813,BRL,5.453196188986821
2025-02-18,75.72229380418813,EUR,0.8566675216777209
2025-02-18,75.72229380418813,CLP,963.113097463994
2025-02-19,51.96080326364227,BRL,5.49402568828008
2025-02-19,51.96080326364227,EUR,0.8587397714334941
2025-02-19,51.96080326364227,CLP,964.788573265584
2025-02-20,80.75009221857091,BRL,5.5156362714758895
2025-02-20,80.75009221857091,EUR,0.8623935659702935
2025-02-20,80.75009221857091,CLP,957.1488290466742
2025-02-21,78.40027085269384,BRL,5.480602794113971
2025-02-21,78.40027085269384,EUR,0.8582745166490318
2025-02-21,78.40027085269384,CLP,968.7687364952944
2025-02-22,37.8873532475474,BRL,5.54056663415401
2025-02-22,37.8873532475474,EUR,0.8561236024508568
2025-02-22,37.8873532475474,CLP,967.1319547322244
2025-02-23,58.06533209923674,BRL,5.560279553252971
2025-02-23,58.06533209923674,EUR,0.8560336418300158
2025-02-23,58.06533209923674,CLP,961.9667992724312
2025-02-24,56.05128115260487,BRL,5.433229004079313
2025-02-24,56.05128115260487,EUR,0.855890317052613
2025-02-24,56.05128115260487,CLP,960.572472649876
2025-02-25,88.48676396110183,BRL,5.472721708725667
2025-02-25,88.48676396110183,EUR,0.8601610967333883
2025-02-25,88.48676396110183,CLP,968.00472890097
2025-02-26,83.2737439867761,BRL,5.448227458979637
2025-02-26,83.2737439867761,EUR,0.8556884028621002
2025-02-26,83.2737439867761,CLP,967.6349611551228
2025-02-27,92.62314628236452,BRL,5.496054202738248
2025-02-27,92.62314628236452,EUR,0.8579383294780702
2025-02-27,92.62314628236452,CLP,968.1817754643512
2025-02-28,88.10969755264128,BRL,5.492720894138694
2025-02-28,88.10969755264128,EUR,0.8586849212879158
2025-02-28,88.10969755264128,CLP,965.3793126027612
2025-03-01,49.762992466505686,BRL,5.517917986153952
2025-03-01,49.762992466505686,EUR,0.8607666146402145
2025-03-01,49.762992466505686,CLP,958.965464226298
2025-03-02,62.53168600642061,BRL,5.483375683123309
2025-03-02,62.53168600642061,EUR,0.8553136739013528
2025-03-02,62.53168600642061,CLP,957.3805010213124
2025-03-03,59.30130505576315,BRL,5.515771660585783
2025-03-03,59.30130505576315,EUR,0.8553020409646385
2025-03-03,59.30130505576315,CLP,961.0147894320108
2025-03-04,87.88298667608873,BRL,5.433936616644628
2025-03-04,87.88298667608873,EUR,0.8596861500628913
2025-03-04,87.88298667608873,CLP,965.3411867496544
2025-03-05,81.00952579953854,BRL,5.442154444876299
2025-03-05,81.00952579953854,EUR,0.8581590518863701
2025-03-05,81.00952579953854,CLP,965.9765491824506
2025-03-06,42.435677868080255,BRL,5.511359406790863
2025-03-06,42.435677868080255,EUR,0.8568994599143257
2025-03-06,42.435677868080255,CLP,967.5362213729488
2025-03-07,90.82356884940609,BRL,5.503546358095626
2025-03-07,90.82356884940609,EUR,0.8612688550752714
2025-03-07,90.82356884940609,CLP,968.6495870847164
2025-03-08,8.152957418781739,BRL,5.490666957277389
2025-03-08,8.152957418781739,EUR,0.8554041266820785
2025-03-08,8.152957418781739,CLP,965.6701327859688
2025-03-09,73.08003388671428,BRL,5.441947312581047
2025-03-09,73.08003388671428,EUR,0.8574020681613272
2025-03-09,73.08003388671428,CLP,960.8139255792574
2025-03-10,92.17739032401778,BRL,5.523807993578009
2025-03-10,92.17739032401778,EUR,0.8584796679848266
2025-03-10,92.17739032401778,CLP,964.4143192536104
2025-03-11,22.559603675751603,BRL,5.514618659466692
2025-03-11,22.559603675751603,EUR,0.8594475476665534
2025-03-11,22.559603675751603,CLP,962.5818941271872
2025-03-12,97.24413078004775,BRL,5.4353060073084425
2025-03-12,97.24413078004775,EUR,0.8618450718686111
2025-03-12,97.24413078004775,CLP,960.0268537638752
2025-03-13,70.8141168898127,BRL,5.561684626289432
2025-03-13,70.8141168898127,EUR,0.8586574961136024
2025-03-13,70.8141168898127,CLP,964.1615547883484
2025-03-14,39.406052862093,BRL,5.535057979408927
2025-03-14,39.406052862093,EUR,0.8567449909944221
2025-03-14,39.406052862093,CLP,961.119620311022
2025-03-15,85.6620574095003,BRL,5.4886720574528685
2025-03-15,85.6620574095003,EUR,0.8572821717623552
2025-03-15,85.6620574095003,CLP,957.8067364966046
2025-03-16,89.90218602155628,BRL,5.449588439623899
2025-03-16,89.90218602155628,EUR,0.8573594504977837
2025-03-16,89.90218602155628,CLP,959.5004319898654
2025-03-17,98.99948002097032,BRL,5.467041688082709
2025-03-17,98.99948002097032,EUR,0.857440078914043
2025-03-17,98.99948002097032,CLP,963.9220594836002
2025-03-18,95.83610633914878,BRL,5.5518291347077495
2025-03-18,95.83610633914878,EUR,0.8557872770759963
2025-03-18,95.83610633914878,CLP,965.9494860170054
2025-03-19,28.36115480067076,BRL,5.44398347231017
2025-03-19,28.36115480067076,EUR,0.8576640041931316
2025-03-19,28.36115480067076,CLP,958.2134811381223
2025-03-20,51.28406449463114,BRL,5.549113977191404
2025-03-20,51.28406449463114,EUR,0.8617948233677832
2025-03-20,51.28406449463114,CLP,959.048301676069
2025-03-21,69.28057525197205,BRL,5.530381941076715
2025-03-21,69.28057525197205,EUR,0.8563980220993433
2025-03-21,69.28057525197205,CLP,966.9037284207244
2025-03-22,29.50972027183502,BRL,5.452892269050257
2025-03-22,29.50972027183502,EUR,0.8621231923932908
2025-03-22,29.50972027183502,CLP,964.30840385388
2025-03-23,99.24285415679653,BRL,5.538883403845672
2025-03-23,99.24285415679653,EUR,0.8608425630190523
2025-03-23,99.24285415679653,CLP,959.5092316801456
2025-03-24,91.49766941126394,BRL,5.484229553275373
2025-03-24,91.49766941126394,EUR,0.8567743279754823
2025-03-24,91.49766941126394,CLP,963.3374030578556
2025-03-25,68.23354739837681,BRL,5.525954401570745
2025-03-25,68.23354739837681,EUR,0.8615756109809478
2025-03-25,68.23354739837681,CLP,964.9670645103516
2025-03-26,76.74959256510756,BRL,5.436917993269789
2025-03-26,76.74959256510756,EUR,0.8568660196350927
2025-03-26,76.74959256510756,CLP,959.7924859061842
2025-03-27,2.899076090772972,BRL,5.437563077148075
2025-03-27,2.899076090772972,EUR,0.8599842451612204
2025-03-27,2.899076090772972,CLP,963.2239895918252
2025-03-28,66.37449936053919,BRL,5.516624464809546
2025-03-28,66.37449936053919,EUR,0.8572867684045287
2025-03-28,66.37449936053919,CLP,962.0001100005404
2025-03-29,99.52800919504485,BRL,5.474842229813799
2025-03-29,99.52800919504485,EUR,0.8577155113723884
2025-03-29,99.52800919504485,CLP,964.9537504070896
2025-03-30,63.478616776052576,BRL,5.515059049526452
2025-03-30,63.478616776052576,EUR,0.861236005365198
2025-03-30,63.478616776052576,CLP,957.204712225736
2025-03-31,97.95733641436516,BRL,5.523547194138159
2025-03-31,97.95733641436516,EUR,0.8610254076800172
2025-03-31,97.95733641436516,CLP,968.18253346829
2025-04-01,53.517371091006254,BRL,5.499476920028521
2025-04-01,53.517371091006254,EUR,0.858342737331003
2025-04-01,53.517371091006254,CLP,958.4514156058505
2025-04-02,93.91945842922556,BRL,5.478609440408942
2025-04-02,93.91945842922556,EUR,0.8613487176548907
2025-04-02,93.91945842922556,CLP,968.4818069404567
2025-04-03,28.500789960160954,BRL,5.47615776564525
2025-04-03,28.500789960160954,EUR,0.8599440168418475
2025-04-03,28.500789960160954,CLP,958.9446019939344
2025-04-04,90.78238260839318,BRL,5.4946339343963535
2025-04-04,90.78238260839318,EUR,0.8561579903985316
2025-04-04,90.78238260839318,CLP,960.0467445420048
2025-04-05,96.48477273919876,BRL,5.509496512168643
2025-04-05,96.48477273919876,EUR,0.8614564961007903
2025-04-05,96.48477273919876,CLP,957.8447875016036
2025-04-06,94.2583776727663,BRL,5.541148828123975
2025-04-06,94.2583776727663,EUR,0.854851978143382
2025-04-06,94.2583776727663,CLP,959.4248389022044
2025-04-07,61.93197462498599,BRL,5.446226378215792
2025-04-07,61.93197462498599,EUR,0.859719737466121
2025-04-07,61.93197462498599,CLP,966.9225996492682
2025-04-08,91.6330273937091,BRL,5.511445566466909
2025-04-08,91.6330273937091,EUR,0.8613842531266246
2025-04-08,91.6330273937091,CLP,959.1557433432567
2025-04-09,34.43541315931754,BRL,5.4746065414020775
2025-04-09,34.43541315931754,EUR,0.8575779981797138
2025-04-09,34.43541315931754,CLP,965.1048583075254
2025-04-10,98.66141240597317,BRL,5.52933331799195
2025-04-10,98.66141240597317,EUR,0.8553810655948719
2025-04-10,98.66141240597317,CLP,960.0029856498109
2025-04-11,92.83051433885954,BRL,5.551542681834193
2025-04-11,92.83051433885954,EUR,0.8622534861078128
2025-04-11,92.83051433885954,CLP,959.6377019661134
2025-04-12,73.31503836498938,BRL,5.43927494420329
2025-04-12,73.31503836498938,EUR,0.8544384665340223
2025-04-12,73.31503836498938,CLP,959.280554693584
2025-04-13,88.89775375065503,BRL,5.445984654270949
2025-04-13,88.89775375065503,EUR,0.8554852808864454
2025-04-13,88.89775375065503,CLP,964.7756712380566
2025-04-14,35.624107352569226,BRL,5.522347103555294
2025-04-14,35.624107352569226,EUR,0.8590203804978087
2025-04-14,35.624107352569226,CLP,958.3154018252964
2025-04-15,16.131289418941844,BRL,5.48553097992345
2025-04-15,16.131289418941844,EUR,0.8597973515963018
2025-04-15,16.131289418941844,CLP,957.2436418898652
2025-04-16,14.674480120286857,BRL,5.525630809502317
2025-04-16,14.674480120286857,EUR,0.8576731239685976
2025-04-16,14.674480120286857,CLP,957.848718531111
2025-04-17,80.15431685985824,BRL,5.433940816364222
2025-04-17,80.15431685985824,EUR,0.8602307774393103
2025-04-17,80.15431685985824,CLP,964.351362898054
2025-04-18,96.75895258873145,BRL,5.441451170607061
2025-04-18,96.75895258873145,EUR,0.8563559276224264
2025-04-18,96.75895258873145,CLP,965.6516108709204
2025-04-19,64.67559163074418,BRL,5.513105436672282
2025-04-19,64.67559163074418,EUR,0.8561610139254746
2025-04-19,64.67559163074418,CLP,957.1215473257316
2025-04-20,59.42327528438815,BRL,5.491644840937807
2025-04-20,59.42327528438815,EUR,0.8604227182431481
2025-04-20,59.42327528438815,CLP,962.071673212031
2025-04-21,76.69266680108626,BRL,5.497170986265303
2025-04-21,76.69266680108626,EUR,0.8583962622995066
2025-04-21,76.69266680108626,CLP,963.57148535218
2025-04-22,98.95532416826492,BRL,5.524297837081936
2025-04-22,98.95532416826492,EUR,0.8597416837814633
2025-04-22,98.95532416826492,CLP,967.5800296945574
2025-04-23,81.93469341658054,BRL,5.478056900651216
2025-04-23,81.93469341658054,EUR,0.8599209782943351
2025-04-23,81.93469341658054,CLP,957.0700903311578
2025-04-24,92.54927063424132,BRL,5.432836769677816
2025-04-24,92.54927063424132,EUR,0.8546656959671282
2025-04-24,92.54927063424132,CLP,958.2442910685756
2025-04-25,52.73895163988328,BRL,5.45291837460099
2025-04-25,52.73895163988328,EUR,0.8598836778247216
2025-04-25,52.73895163988328,CLP,957.3887585307388
2025-04-26,30.759473642578385,BRL,5.477708854802112
2025-04-26,30.759473642578385,EUR,0.8580707282551493
2025-04-26,30.759473642578385,CLP,967.8737381424626
2025-04-27,62.198185305086334,BRL,5.480866356714176
2025-04-27,62.198185305086334,EUR,0.8609473948822381
2025-04-27,62.198185305086334,CLP,957.905987557536
2025-04-28,55.5004755497463,BRL,5.552192200079745
2025-04-28,55.5004755497463,EUR,0.8619699066671812
2025-04-28,55.5004755497463,CLP,959.1498603840618
2025-04-29,89.78031586957218,BRL,5.52164925187984
2025-04-29,89.78031586957218,EUR,0.8546918759338006
2025-04-29,89.78031586957218,CLP,965.5137997539024
2025-04-30,93.6839471463424,BRL,5.516209332456664
2025-04-30,93.6839471463424,EUR,0.8564815682408395
2025-04-30,93.6839471463424,CLP,962.4689928052726
2025-05-01,58.24901550673408,BRL,5.482240753517073
2025-05-01,58.24901550673408,EUR,0.8590020525129806
2025-05-01,58.24901550673408,CLP,967.6868176762266
2025-05-02,48.700958025367605,BRL,5.532559119724307
2025-05-02,48.700958025367605,EUR,0.859734340670848
2025-05-02,48.700958025367605,CLP,968.5150020605444
2025-05-03,82.58386800276558,BRL,5.455881254317882
2025-05-03,82.58386800276558,EUR,0.8567689320024086
2025-05-03,82.58386800276558,CLP,959.8782147463448
2025-05-04,86.13537919331067,BRL,5.445604979047074
2025-05-04,86.13537919331067,EUR,0.8581345815652935
2025-05-04,86.13537919331067,CLP,961.2548402737248
2025-05-05,89.11813713793721,BRL,5.525672231662236
2025-05-05,89.11813713793721,EUR,0.8622244819531213
2025-05-05,89.11813713793721,CLP,959.409185511302
2025-05-06,63.6240696568768,BRL,5.557715244893317
2025-05-06,63.6240696568768,EUR,0.8552793271153012
2025-05-06,63.6240696568768,CLP,962.5033909520276
2025-05-07,43.85287346641432,BRL,5.50604319906232
2025-05-07,43.85287346641432,EUR,0.8556451255384857
2025-05-07,43.85287346641432,CLP,958.3601010209806
2025-05-08,43.33383363317534,BRL,5.494714059382043
2025-05-08,43.33383363317534,EUR,0.8616916737872681
2025-05-08,43.33383363317534,CLP,968.3926731320552
2025-05-09,73.20467234333488,BRL,5.520675754273276
2025-05-09,73.20467234333488,EUR,0.8572927959100478
2025-05-09,73.20467234333488,CLP,968.0449292180646
2025-05-10,97.9395712087108,BRL,5.465455070284411
2025-05-10,97.9395712087108,EUR,0.8577401622790966
2025-05-10,97.9395712087108,CLP,958.3251627532052
2025-05-11,58.536421664053705,BRL,5.5144194393837465
2025-05-11,58.536421664053705,EUR,0.8590291360808405
2025-05-11,58.536421664053705,CLP,960.731745979206
2025-05-12,58.74100512056938,BRL,5.514933305403862
2025-05-12,58.74100512056938,EUR,0.8559582441057431
2025-05-12,58.74100512056938,CLP,968.1305532961228
2025-05-13,11.63312015965817,BRL,5.559973141295557
2025-05-13,11.63312015965817,EUR,0.8603252022718889
2025-05-13,11.63312015965817,CLP,959.6561334692848
2025-05-14,76.60538857476188,BRL,5.435200032421056
2025-05-14,76.60538857476188,EUR,0.8596697141151217
2025-05-14,76.60538857476188,CLP,967.4773886968208
2025-05-15,98.71569187833576,BRL,5.453640439990225
2025-05-15,98.71569187833576,EUR,0.855865229541457
2025-05-15,98.71569187833576,CLP,962.0007177107158
2025-05-16,93.14429496078634,BRL,5.530456427495658
2025-05-16,93.14429496078634,EUR,0.8573906033292304
2025-05-16,93.14429496078634,CLP,957.1014976429012
2025-05-17,90.60963377599415,BRL,5.525730767554802
2025-05-17,90.60963377599415,EUR,0.8557411698575478
2025-05-17,90.60963377599415,CLP,958.407893725223
2025-05-18,91.43246090261538,BRL,5.5499725286250055
2025-05-18,91.43246090261538,EUR,0.8621316212689769
2025-05-18,91.43246090261538,CLP,963.1315718370932
2025-05-19,56.93811639025463,BRL,5.465928513846854
2025-05-19,56.93811639025463,EUR,0.8547539465715525
2025-05-19,56.93811639025463,CLP,968.4567278898344
2025-05-20,68.81173879790035,BRL,5.477767581773282
2025-05-20,68.81173879790035,EUR,0.8593965494840536
2025-05-20,68.81173879790035,CLP,958.0842744754344
2025-05-21,99.88052738388214,BRL,5.543818618854682
2025-05-21,99.88052738388214,EUR,0.8542699266209809
2025-05-21,99.88052738388214,CLP,957.1028560980228
2025-05-22,49.99838631736608,BRL,5.444163619397276
2025-05-22,49.99838631736608,EUR,0.8543596962592491
2025-05-22,49.99838631736608,CLP,957.2191532613248
2025-05-23,81.30715674644149,BRL,5.502320780314422
2025-05-23,81.30715674644149,EUR,0.8573809614663891
2025-05-23,81.30715674644149,CLP,961.8144979637478
2025-05-24,69.19272908170463,BRL,5.552152795070408
2025-05-24,69.19272908170463,EUR,0.8605890418696734
2025-05-24,69.19272908170463,CLP,964.0535017938802
2025-05-25,7.770245765156878,BRL,5.540006447540522
2025-05-25,7.770245765156878,EUR,0.8561902117805003
2025-05-25,7.770245765156878,CLP,960.3099148048756
2025-05-26,85.15848790606603,BRL,5.514966104403764
2025-05-26,85.15848790606603,EUR,0.8600283085462743
2025-05-26,85.15848790606603,CLP,961.2006507603404
2025-05-27,55.36596142153129,BRL,5.5183551797776
2025-05-27,55.36596142153129,EUR,0.8594778550121126
2025-05-27,55.36596142153129,CLP,958.994910911823
2025-05-28,2.9838431924304087,BRL,5.442633307074785
2025-05-28,2.9838431924304087,EUR,0.8609144017324978
2025-05-28,2.9838431924304087,CLP,966.7486497880194
2025-05-29,71.0575305015617,BRL,5.488627029910794
2025-05-29,71.0575305015617,EUR,0.8619313613312848
2025-05-29,71.0575305015617,CLP,961.5618628414588
2025-05-30,49.5308645421553,BRL,5.52423726418318
2025-05-30,49.5308645421553,EUR,0.8588446936594957
2025-05-30,49.5308645421553,CLP,958.9781766930008
2025-05-31,90.19729121067935,BRL,5.438507703786949
2025-05-31,90.19729121067935,EUR,0.8565133399373921
2025-05-31,90.19729121067935,CLP,962.8357795053664
2025-06-01,68.49461109310849,BRL,5.435682427887537
2025-06-01,68.49461109310849,EUR,0.8550353914083382
2025-06-01,68.49461109310849,CLP,962.483882007138
2025-06-02,81.49691420605514,BRL,5.509690463677575
2025-06-02,81.49691420605514,EUR,0.8616674355418912
2025-06-02,81.49691420605514,CLP,965.01554507271
2025-06-03,96.09980769296553,BRL,5.45304177693941
2025-06-03,96.09980769296553,EUR,0.8611551719419085
2025-06-03,96.09980769296553,CLP,957.0185131887604
2025-06-04,65.02492379477113,BRL,5.46862536323985
2025-06-04,65.02492379477113,EUR,0.8545097019242609
2025-06-04,65.02492379477113,CLP,965.7412454163969
2025-06-05,49.958972968953184,BRL,5.516533378314067
2025-06-05,49.958972968953184,EUR,0.8614292580403523
2025-06-05,49.958972968953184,CLP,966.8386563751084
2025-06-06,94.45422805081412,BRL,5.438583494506509
2025-06-06,94.45422805081412,EUR,0.8613250055588385
2025-06-06,94.45422805081412,CLP,957.670317984153
2025-06-07,50.86281866433442,BRL,5.46351469713882
2025-06-07,50.86281866433442,EUR,0.8543322009496824
2025-06-07,50.86281866433442,CLP,957.8378233776788
2025-06-08,54.052481255597066,BRL,5.508191958421468
2025-06-08,54.052481255597066,EUR,0.8588092046261397
2025-06-08,54.052481255597066,CLP,958.5835400574756
2025-06-09,17.23068116132412,BRL,5.474532901573467
2025-06-09,17.23068116132412,EUR,0.8567357953738144
2025-06-09,17.23068116132412,CLP,959.8335542737634
2025-06-10,66.48177556437844,BRL,5.545814934325439
2025-06-10,66.48177556437844,EUR,0.8621412604617726
2025-06-10,66.48177556437844,CLP,958.249092241706
2025-06-11,37.71993004891287,BRL,5.485364902274863
2025-06-11,37.71993004891287,EUR,0.8591026185977777
2025-06-11,37.71993004891287,CLP,962.8661512319468
2025-06-12,36.23927057101157,BRL,5.505035587877492
2025-06-12,36.23927057101157,EUR,0.85997599365956
2025-06-12,36.23927057101157,CLP,963.9984653447992
2025-06-13,83.7918411491651,BRL,5.471797265878412
2025-06-13,83.7918411491651,EUR,0.861464424215349
2025-06-13,83.7918411491651,CLP,963.580637855246
2025-06-14,78.26306569249097,BRL,5.5580350542969175
2025-06-14,78.26306569249097,EUR,0.8553284983726314
2025-06-14,78.26306569249097,CLP,962.925937258078
2025-06-15,99.82784511589166,BRL,5.45283148478773
2025-06-15,99.82784511589166,EUR,0.8605486790466801
2025-06-15,99.82784511589166,CLP,958.0563400558918
2025-06-16,89.6550866106514,BRL,5.458411590603704
2025-06-16,89.6550866106514,EUR,0.8582324337508649
2025-06-16,89.6550866106514,CLP,958.3470241933824
2025-06-17,71.80711515425484,BRL,5.54033649542176
2025-06-17,71.80711515425484,EUR,0.8546088006854955
2025-06-17,71.80711515425484,CLP,966.139895529218
2025-06-18,62.64305724466094,BRL,5.448093915185374
2025-06-18,62.64305724466094,EUR,0.8615890737814572
2025-06-18,62.64305724466094,CLP,965.0098613605496
2025-06-19,82.2853263981563,BRL,5.460342654214377
2025-06-19,82.2853263981563,EUR,0.8553465412204545
2025-06-19,82.2853263981563,CLP,961.4516130357778
2025-06-20,82.6570715455927,BRL,5.478440370417507
2025-06-20,82.6570715455927,EUR,0.8580931712654916
2025-06-20,82.6570715455927,CLP,968.4165003913488
2025-06-21,98.51893576213789,BRL,5.448850590644414
2025-06-21,98.51893576213789,EUR,0.8607815239737959
2025-06-21,98.51893576213789,CLP,967.2630494579884
2025-06-22,57.66565668880578,BRL,5.510511256049578
2025-06-22,57.66565668880578,EUR,0.8582964390035208
2025-06-22,57.66565668880578,CLP,966.731599147909
2025-06-23,85.42777132696258,BRL,5.563379842837974
2025-06-23,85.42777132696258,EUR,0.8550854769960503
2025-06-23,85.42777132696258,CLP,968.6259115633816
2025-06-24,97.14697314454344,BRL,5.434052831727188
2025-06-24,97.14697314454344,EUR,0.8578561468696505
2025-06-24,97.14697314454344,CLP,962.4188018335416
2025-06-25,62.67749723234412,BRL,5.49340696873297
2025-06-25,62.67749723234412,EUR,0.8577877814943199
2025-06-25,62.67749723234412,CLP,968.3127990123576
2025-06-26,85.06467903377063,BRL,5.490313303034118
2025-06-26,85.06467903377063,EUR,0.8579004415473902
2025-06-26,85.06467903377063,CLP,966.5467685282706
2025-06-27,95.97793471943444,BRL,5.473250514309208
2025-06-27,95.97793471943444,EUR,0.8613415583183279
2025-06-27,95.97793471943444,CLP,964.305827611271
2025-06-28,96.51819631588322,BRL,5.562432815505128
2025-06-28,96.51819631588322,EUR,0.8548722759856642
2025-06-28,96.51819631588322,CLP,961.7812207564998
2025-06-29,53.41421563967693,BRL,5.516406655942206
2025-06-29,53.41421563967693,EUR,0.8624989424078212
2025-06-29,53.41421563967693,CLP,960.166334873608
2025-06-30,98.43859450158055,BRL,5.544407234889714
2025-06-30,98.43859450158055,EUR,0.8612490115075102
2025-06-30,98.43859450158055,CLP,960.06421473133
2025-07-01,71.45604504000147,BRL,5.450387885747499
2025-07-01,71.45604504000147,EUR,0.8579571836809028
2025-07-01,71.45604504000147,CLP,968.1786736717848
2025-07-02,51.62760671940014,BRL,5.511829443767713
2025-07-02,51.62760671940014,EUR,0.8599566718695638
2025-07-02,51.62760671940014,CLP,958.938770661285
2025-07-03,54.04713299817973,BRL,5.555816618920487
2025-07-03,54.04713299817973,EUR,0.8585497766612746
2025-07-03,54.04713299817973,CLP,961.0562049671366
2025-07-04,94.880679435534,BRL,5.43597633292364
2025-07-04,94.880679435534,EUR,0.8616616329118982
2025-07-04,94.880679435534,CLP,964.2038741421728
2025-07-05,97.76087711732865,BRL,5.4678305073164815
2025-07-05,97.76087711732865,EUR,0.8601320800473922
2025-07-05,97.76087711732865,CLP,959.8363145806956
2025-07-06,58.72994443226791,BRL,5.470168903555723
2025-07-06,58.72994443226791,EUR,0.8622803605112387
2025-07-06,58.72994443226791,CLP,964.8515649622452
2025-07-07,88.3735746452556,BRL,5.491837242643299
2025-07-07,88.3735746452556,EUR,0.8563088469605241
2025-07-07,88.3735746452556,CLP,962.2091915454216
2025-07-08,88.85460521549906,BRL,5.527625781121433
2025-07-08,88.85460521549906,EUR,0.8566992643522409
2025-07-08,88.85460521549906,CLP,961.6719310897964
2025-07-09,36.32802494938857,BRL,5.461387540089656
2025-07-09,36.32802494938857,EUR,0.8573723905434826
2025-07-09,36.32802494938857,CLP,958.8628547185608
2025-07-10,25.735154530153338,BRL,5.533177128535216
2025-07-10,25.735154530153338,EUR,0.8564667227796753
2025-07-10,25.735154530153338,CLP,958.8669294117598
2025-07-11,42.210008165189926,BRL,5.501871633152182
2025-07-11,42.210008165189926,EUR,0.8620305518847343
2025-07-11,42.210008165189926,CLP,959.5641883045768
2025-07-12,81.83505820855149,BRL,5.490111632741271
2025-07-12,81.83505820855149,EUR,0.856239934048675
2025-07-12,81.83505820855149,CLP,968.2719909229144
2025-07-13,87.4408790168282,BRL,5.537493760380692
2025-07-13,87.4408790168282,EUR,0.8586528613644084
2025-07-13,87.4408790168282,CLP,968.5646503361792
2025-07-14,86.16034858854722,BRL,5.438336722115649
2025-07-14,86.16034858854722,EUR,0.8598978003428943
2025-07-14,86.16034858854722,CLP,959.1797644205928
2025-07-15,87.91356421510848,BRL,5.433845733908576
2025-07-15,87.91356421510848,EUR,0.8561389746476534
2025-07-15,87.91356421510848,CLP,960.80504078104
2025-07-16,34.90467700392907,BRL,5.494355682057486
2025-07-16,34.90467700392907,EUR,0.8575804667662803
2025-07-16,34.90467700392907,CLP,965.50682922083
2025-07-17,26.893596593653346,BRL,5.449904120960015
2025-07-17,26.893596593653346,EUR,0.8592142968607915
2025-07-17,26.893596593653346,CLP,960.8500344308824
2025-07-18,49.21071168337818,BRL,5.437937317253418
2025-07-18,49.21071168337818,EUR,0.8575115130432791
2025-07-18,49.21071168337818,CLP,962.6802822965496
2025-07-19,70.66831598848265,BRL,5.439565711948078
2025-07-19,70.66831598848265,EUR,0.8574302654553765
2025-07-19,70.66831598848265,CLP,961.189558654793
2025-07-20,90.67757571739602,BRL,5.579605
2025-07-20,90.67757571739602,EUR,0.85983
2025-07-20,90.67757571739602,CLP,963.890304
2025-07-21,79.59314621491592,BRL,5.567009
2025-07-21,79.59314621491592,EUR,0.85512
2025-07-21,79.59314621491592,CLP,954.120369
2025-07-22,87.66914108625062,BRL,5.565403
2025-07-22,87.66914108625062,EUR,0.85188
2025-07-22,87.66914108625062,CLP,950.730006
2025-07-23,97.65712692249534,BRL,5.517901
2025-07-23,97.65712692249534,EUR,0.84935
2025-07-23,97.65712692249534,CLP,948.560072
2025-07-24,99.01106269330111,BRL,5.5215
2025-07-24,99.01106269330111,EUR,0.85066
2025-07-24,99.01106269330111,CLP,950.249619
2025-07-25,95.20441320725372,BRL,5.561504
2025-07-25,95.20441320725372,EUR,0.851304
2025-07-25,95.20441320725372,CLP,956.830396
2025-07-26,28.718460572761995,BRL,5.561504
2025-07-26,28.718460572761995,EUR,0.851304
2025-07-26,28.718460572761995,CLP,948.818998
2025-07-27,64.74562216446921,BRL,5.566698
2025-07-27,64.74562216446921,EUR,0.850615
2025-07-27,64.74562216446921,CLP,948.818998
2025-07-28,96.1126510490898,BRL,5.588299
2025-07-28,96.1126510490898,EUR,0.86235
2025-07-28,96.1126510490898,CLP,959.060215
2025-07-29,44.74646635986355,BRL,5.574698
2025-07-29,44.74646635986355,EUR,0.86578
2025-07-29,44.74646635986355,CLP,960.740076
2025-07-30,98.52959710386136,BRL,5.576902
2025-07-30,98.52959710386136,EUR,0.87499
2025-07-30,98.52959710386136,CLP,981.929819
2025-07-31,70.8579639624242,BRL,5.600299
2025-07-31,70.8579639624242,EUR,0.87541
2025-07-31,70.8579639624242,CLP,972.700915
2025-08-01,50.074134984759816,BRL,5.538804
2025-08-01,50.074134984759816,EUR,0.86255
2025-08-01,50.074134984759816,CLP,969.330396
2025-08-02,99.59841988487148,BRL,5.538804
2025-08-02,99.59841988487148,EUR,0.86255
2025-08-02,99.59841988487148,CLP,958.992278
2025-08-03,89.55252316627991,BRL,5.5394
2025-08-03,89.55252316627991,EUR,0.8631
2025-08-03,89.55252316627991,CLP,958.992278
2025-08-04,22.991522465774477,BRL,5.497597
2025-08-04,22.991522465774477,EUR,0.86329
2025-08-04,22.991522465774477,CLP,966.779713
2025-08-05,36.45400924003356,BRL,5.5045
2025-08-05,36.45400924003356,EUR,0.86366
2025-08-05,36.45400924003356,CLP,966.8501
2025-08-06,74.69636012585892,BRL,5.4604
2025-08-06,74.69636012585892,EUR,0.85744
2025-08-06,74.69636012585892,CLP,974.84972
2025-08-07,73.12917239582102,BRL,5.415803
2025-08-07,73.12917239582102,EUR,0.856465
2025-08-07,73.12917239582102,CLP,970.330169
2025-08-08,88.26208851063386,BRL,5.431804
2025-08-08,88.26208851063386,EUR,0.858504
2025-08-08,88.26208851063386,CLP,969.150396
2025-08-09,16.304137714872095,BRL,5.431804
2025-08-09,16.304137714872095,EUR,0.858504
2025-08-09,16.304137714872095,CLP,970.26737
2025-08-10,78.56570806327055,BRL,5.433802
2025-08-10,78.56570806327055,EUR,0.85855
2025-08-10,78.56570806327055,CLP,968.280058
2025-08-11,76.70169400717039,BRL,5.4438
2025-08-11,76.70169400717039,EUR,0.860797
2025-08-11,76.70169400717039,CLP,969.189658
2025-08-12,12.333092561694912,BRL,5.402703
2025-08-12,12.333092561694912,EUR,0.856399
2025-08-12,12.333092561694912,CLP,956.850227
2025-08-13,47.78046944846401,BRL,5.392698
2025-08-13,47.78046944846401,EUR,0.85379
2025-08-13,47.78046944846401,CLP,953.120167
2025-08-14,68.8966673822289,BRL,5.410598
2025-08-14,68.8966673822289,EUR,0.85832
2025-08-14,68.8966673822289,CLP,966.010014
2025-08-15,15.410627212091963,BRL,5.400904
2025-08-15,15.410627212091963,EUR,0.85425
2025-08-15,15.410627212091963,CLP,963.170396
2025-08-16,26.339740808939386,BRL,5.400904
2025-08-16,26.339740808939386,EUR,0.85425
2025-08-16,26.339740808939386,CLP,963.170396
2025-08-17,96.5428535491776,BRL,5.401899
2025-08-17,96.5428535491776,EUR,0.854259
2025-08-17,96.5428535491776,CLP,964.101791
2025-08-18,69.07381804486404,BRL,5.437299
2025-08-18,69.07381804486404,EUR,0.856975
2025-08-18,69.07381804486404,CLP,964.189733
